listing_id,host_id,number_of_reviews,review_scores_rating,review_scores_accuracy,review_scores_cleanliness,review_scores_checkin,review_scores_communication,review_scores_location,review_scores_value
71609,367042,19,4.44,4.37,4,4.63,4.78,4.26,4.32
71896,367042,24,4.16,4.22,4.09,4.43,4.43,4.17,4.04
71903,367042,46,4.41,4.39,4.52,4.63,4.64,4.5,4.36
275343,1439258,20,4.4,4.16,4.26,4.47,4.42,4.53,4.63
275344,1439258,16,4.27,4.44,4.06,4.5,4.5,4.63,4.13
289234,367042,12,4.83,4.67,4.75,4.58,4.67,4.33,4.45
294281,1521514,131,4.43,4.33,4.16,4.5,4.66,4.52,4.39
324945,1439258,17,3.5,3.47,3.94,4.53,4.06,3.82,3.76
330095,1439258,5,3.8,3.8,4,4.2,4.8,3.8,4
344803,367042,60,4.6,4.59,4.46,4.76,4.58,4.66,4.44
369141,1521514,81,4.43,4.45,4.41,4.71,4.76,4.64,4.55
369145,1521514,163,4.39,4.31,4.12,4.65,4.67,4.6,4.32
395191,1975201,27,4.31,4.27,4.08,4.73,4.69,4.58,4.19
468782,2327208,82,4.69,4.62,4.49,4.83,4.88,4.56,4.6
481789,2386154,0,,,,,,,
606784,813925,76,4.82,4.87,4.79,4.93,4.92,4.59,4.64
642660,3212572,0,,,,,,,
654191,2413412,3,3,3.67,3.33,3.67,4,3.67,2.33
696136,1289033,26,4.5,4.28,4.48,4.8,4.8,4.88,4.44
733863,3824517,0,,,,,,,
747813,3926646,68,4.63,4.67,4.57,4.7,4.82,4.91,4.5
747816,3926646,25,4.56,4.44,4.32,4.76,4.88,4.96,4.28
756267,1584407,70,4.73,4.74,4.75,4.84,4.77,4.74,4.66
765579,2413412,2,4,3,3,4,4.5,4,3
815685,1439258,16,4.13,3.88,4.25,4.25,4.44,4.25,3.88
819034,1584407,40,4.78,4.83,4.83,4.7,4.78,4.78,4.83
819044,1584407,70,4.54,4.81,4.76,4.66,4.76,4.78,4.55
823571,4177147,0,,,,,,,
833289,4360831,2,5,5,5,5,5,5,5
863139,2413412,2,5,5,4.5,5,5,5,5
881253,2413412,3,4,4,3.67,4.67,4.67,4.67,4.33
904378,4837194,34,4.71,4.63,4.79,4.7,4.94,4.76,4.55
915275,2413412,2,4.5,4.5,4,4.5,4.5,5,4
944287,2487671,7,4.29,4.14,4.43,5,5,4.57,4.43
962594,2413412,2,5,4.5,4,5,5,5,4
982909,4723385,247,4.87,4.92,4.91,4.94,4.92,4.79,4.81
1024986,5643415,258,4.84,4.89,4.78,4.93,4.95,4.84,4.73
1160252,2803932,43,4.63,4.63,4.39,4.68,4.76,4.52,4.54
1242205,3589987,8,4.75,4.88,4.63,4.5,4.88,4.63,4.63
1249555,2413412,1,5,5,5,5,5,5,5
1261443,2413412,2,5,5,5,5,5,5,5
1363204,2413412,3,4,4.33,3,4.67,4.67,5,4.33
1495386,7993224,10,4.7,4.7,4.9,4.8,5,4.3,4.6
1508829,2413412,7,4.14,4.29,4.43,4.83,4.57,4.83,4.17
1562453,8270362,0,,,,,,,
1581224,8408341,0,,,,,,,
1611318,8580110,0,,,,,,,
1615074,2413412,5,4.4,4.6,4.2,5,5,4.8,4.2
1643945,8725237,0,,,,,,,
1646909,8739736,0,,,,,,,
1654840,8773916,2,4,3.5,3.5,4.5,4,4.5,4
1678744,8881470,150,4.56,4.65,4.43,4.84,4.79,4.86,4.67
1678754,8881470,2,4.5,5,4.5,5,5,5,5
1678755,8881470,94,4.66,4.72,4.65,4.88,4.85,4.9,4.6
1710048,8948251,0,,,,,,,
1902729,7644641,3,4.67,5,5,5,5,5,4.33
1902793,7644641,2,5,4.5,4.5,4.5,4.5,4.5,4.5
1941719,3926646,73,4.51,4.62,4.63,4.67,4.67,4.85,4.46
2009008,7644641,5,4.8,5,5,4.8,5,4.6,4.6
2129215,7642747,369,4.93,4.88,4.94,4.95,4.95,4.8,4.85
2142826,9900768,21,4.67,4.65,4.6,4.7,4.7,4.4,4.4
2156372,6157422,16,4.81,4.75,4.56,4.81,4.88,4.06,4.5
2320536,11851304,4,4.75,4.75,4.5,5,4.5,4.25,5
2351979,11990154,0,,,,,,,
2387588,12067440,87,4.54,4.48,4.53,4.78,4.79,4.75,4.44
2387715,12067440,77,4.58,4.66,4.57,4.92,4.92,4.71,4.6
2387730,12067440,37,4.7,4.73,4.59,4.89,4.86,4.81,4.68
2547778,8948251,1,4,4,3,5,5,5,3
2691621,581033,0,,,,,,,
2922184,1439258,17,4.47,4.35,4.29,4.76,4.59,4.41,4.41
3034137,4422603,9,4.89,5,4.89,5,5,5,4.78
3304326,16689958,8,4.75,4.86,4.63,4.88,4.88,4.88,4.63
3349976,14297490,0,,,,,,,
3667894,2413412,2,4,4,3.5,4.5,4.5,5,4
3802621,8773916,20,4.7,4.85,4.6,4.9,4.75,4.95,4.65
3803160,8773916,6,4,4.83,4.33,4.83,5,5,4.17
3980202,8773916,28,4.43,4.78,4.22,4.93,4.93,4.59,4.63
3981252,20636569,2,5,5,4.5,4.5,5,5,5
3990431,8773916,10,4.3,4.6,4.1,4.9,4.9,4.7,4.3
4008423,12067440,282,4.59,4.65,4.62,4.85,4.86,4.74,4.56
4013186,20049904,0,,,,,,,
4017084,20785714,0,,,,,,,
4054698,17526618,49,4.4,4.54,4.4,4.53,4.4,4.79,4.49
4069756,17526618,20,4.35,4.45,4.4,4.85,4.7,4.75,4.45
4192138,23666,119,4.7,4.72,4.8,4.88,4.9,4.57,4.51
4271250,22176293,169,4.94,4.92,4.93,4.97,4.98,4.82,4.86
4441346,23053315,4,5,4.75,5,5,5,4,5
4486217,23276884,9,4.22,4.67,4.89,4.89,5,4,4.11
4499317,23336011,254,4.83,4.83,4.81,4.79,4.9,4.92,4.74
4526703,23466247,5,5,5,5,5,5,5,5
4541072,11390076,17,4.29,4.59,3.76,4.76,4.82,4.76,4.35
4541183,23336011,324,4.77,4.8,4.82,4.79,4.88,4.87,4.68
4561032,8948251,2,3,3.5,4,4,4.5,3,3.5
4619928,8948251,3,4.33,4,4,4.67,4.33,4,4
4640273,24025713,0,,,,,,,
4712676,24353373,3,5,5,5,5,5,4.67,5
4722005,23994004,0,,,,,,,
4731060,8948251,0,,,,,,,
4741630,8948251,1,5,5,5,5,5,5,5
4862396,17916952,0,,,,,,,
4863317,8948251,1,5,5,5,5,5,5,5
4869221,8948251,2,5,5,4,5,5,5,5
4899063,25215454,0,,,,,,,
4926170,25375339,3,3.67,4,3.67,4.67,4.67,5,4
4926192,25375339,0,,,,,,,
4973227,23336011,164,4.71,4.72,4.77,4.7,4.87,4.87,4.61
4988467,8948251,0,,,,,,,
4989903,25185912,5,4.4,4.4,4.6,4.2,4.4,4.8,4.2
5040689,11463785,5,4.8,5,5,5,5,4.8,5
5052014,13468566,13,4.69,4.69,4.85,4.77,4.77,4.85,4.62
5116961,4430782,1,5,5,5,5,5,5,5
5233415,13468566,25,4.8,4.68,4.8,4.92,4.88,4.88,4.56
5253599,11463785,10,4.7,5,5,4.9,5,4.5,4.7
5319766,27516195,0,,,,,,,
5339318,2235699,2,5,4.5,5,5,5,5,5
5406502,28022338,0,,,,,,,
5436010,26876731,0,,,,,,,
5446857,13468566,6,4.33,4.67,4.83,4.83,4.83,4.83,4
5448209,13468566,12,4.83,4.67,4.92,5,5,4.83,4.67
5464246,26899710,11,4.91,5,5,5,5,4.82,4.91
5494971,28489587,208,4.8,4.79,4.84,4.87,4.89,4.76,4.66
5529062,28378691,0,,,,,,,
5551665,25185912,15,4.67,4.5,4.5,5,5,4.93,4.43
5573458,28809566,3,5,4.67,5,5,5,5,5
5582645,28946433,13,4.54,4.62,4.46,4.54,4.54,3.77,4.38
5634851,11463785,2,5,5,5,5,5,5,4.5
5698633,29353566,0,,,,,,,
5704432,28106320,0,,,,,,,
5798211,30080617,151,4.86,4.91,4.84,4.9,4.91,4.74,4.87
5819462,20712244,0,,,,,,,
5827713,30080617,285,4.82,4.91,4.84,4.87,4.94,4.6,4.85
5827998,30080617,296,4.84,4.93,4.82,4.92,4.88,4.62,4.81
5889741,274002237,210,4.8,4.83,4.79,4.93,4.95,4.93,4.74
5919270,30080617,248,4.83,4.87,4.84,4.86,4.85,4.56,4.77
6020248,25185912,7,4.29,4.71,4.43,4.71,4.57,5,4.14
6261313,25185912,10,4.9,4.8,4.7,5,5,5,4.6
6287204,32683666,10,4.8,4.8,4.6,5,4.9,4.5,4.3
6300577,26899710,25,4.76,4.92,4.88,5,5,4.76,4.56
6317686,8948251,1,5,4,4,5,5,5,5
6340605,33019244,0,,,,,,,
6453321,11463785,2,5,5,4.5,5,4.5,5,5
6481052,7210103,132,4.68,4.64,4.69,4.89,4.77,4.81,4.45
6529707,33003286,39,4.92,4.97,4.95,4.95,4.97,4.97,4.87
6547248,5556667,1,5,4,3,3,4,5,5
6603464,28809566,9,4.44,4.33,4.78,4.78,4.78,4.67,4.67
6620261,34649530,3,5,5,4.33,5,5,4.67,4.67
6630341,34707865,99,4.9,4.9,4.85,4.93,4.94,4.79,4.86
6663672,31721965,0,,,,,,,
6693516,33944993,9,4.78,4.78,4.78,5,5,4.22,4.67
6716844,8773916,2,4,4,3.5,4.5,4.5,5,3.5
6718219,34707865,59,4.92,4.93,4.88,4.98,4.97,4.71,4.83
6718514,34707865,74,4.88,4.89,4.85,4.93,4.91,4.75,4.85
6803701,28809566,2,4.5,4.5,5,5,5,4.5,4.5
6831622,437092,23,4.65,4.87,4.7,4.91,4.96,4.65,4.57
6837947,35833085,0,,,,,,,
6959265,11463785,0,,,,,,,
7117201,37284901,0,,,,,,,
7156419,21763604,14,4.79,4.85,4.69,4.92,4.93,4.64,4.64
7162659,37512810,8,4.5,4.63,4.25,5,5,4.63,4.63
7227489,1119168,0,,,,,,,
7250709,34649530,5,4.6,4.6,3.8,5,5,5,4.6
7250803,37964493,27,4.78,4.7,4.67,4.85,4.85,4.56,4.7
7296138,31583707,26,4.96,5,4.92,5,5,4.81,4.92
7321238,12083856,34,4.94,4.88,4.88,4.94,4.94,4.76,4.85
7398096,38761662,22,4.23,4.74,3.95,4.32,4.6,4.47,4.48
7466596,11463785,0,,,,,,,
7486446,16617462,105,4.9,4.92,4.81,4.96,4.98,4.83,4.76
7641522,8773916,3,4.33,5,4.33,4.67,5,4.33,4.67
7653937,2413412,1,5,5,5,5,5,5,5
7666349,40248541,7,4.43,4.43,4.43,4.71,4.71,4.14,4.14
7667016,8948251,2,4.5,5,5,5,5,5,5
7720994,11463785,2,5,5,5,5,5,5,5
7769781,40868086,31,4.65,4.71,4.48,4.94,4.94,4.9,4.58
7776711,34649530,0,,,,,,,
7905972,12422759,4,4.25,4.75,4.75,4.5,5,4.75,4
7927886,37964493,31,4.77,4.84,4.55,4.87,4.87,4.74,4.77
7946472,8948251,1,5,5,5,5,5,5,5
7994039,8948251,2,4.5,4.5,4.5,4.5,5,5,4.5
8004063,2413412,8,4.25,4.5,3.75,4.75,4.88,5,4.5
8007663,2413412,3,4.33,4.67,4.33,4.67,4.67,4.67,4.33
8017511,22595027,33,4.39,4.48,4.48,4.64,4.64,4.82,4.33
8038199,23336011,210,4.65,4.63,4.71,4.74,4.79,4.88,4.55
8111502,24496358,8,4.38,5,4.88,5,4.75,4.63,4.5
8111607,24496358,1,5,5,4,5,5,5,5
8113569,24496358,5,4.4,4.6,4.6,4.8,4.8,4.6,4.6
8113712,24496358,7,5,5,4.71,5,5,4.86,4.71
8113821,24496358,6,4.83,4.83,4.67,4.83,4.83,4.67,4.5
8113893,24496358,9,4.89,4.78,4.78,5,4.89,4.78,4.89
8113936,24496358,8,4.5,4.75,4.63,4.75,4.88,4.88,4.63
8114003,24496358,15,4.53,4.87,4.8,4.93,4.93,4.53,4.6
8160733,2413412,3,4,4,4,4,3.67,3.67,4
8180346,30080617,203,4.83,4.89,4.83,4.93,4.9,4.69,4.82
8195397,43228625,131,4.09,4.27,4.37,4.65,4.52,4.63,4.34
8196180,43228625,25,4.12,4.04,4.25,4.67,4.63,4.71,4.42
8196417,43228625,40,4.3,4.5,4.45,4.6,4.5,4.7,4.4
8212422,43228625,30,4,4.27,4.2,4.62,4.5,4.52,4.24
8256942,28809566,6,4,3.5,4,4.67,4.67,3.67,3.33
8277151,7210103,404,4.7,4.7,4.67,4.88,4.74,4.79,4.51
8345350,43228625,80,4.09,4.3,4.28,4.67,4.58,4.68,4.32
8355592,43228625,13,4,4.54,4.15,4.69,4.69,4.77,4.31
8380826,44165891,1,5,5,5,5,5,4,5
8445747,2413412,1,5,5,5,5,5,5,5
8492009,40345484,0,,,,,,,
8508225,4604183,33,4.85,4.91,4.69,4.88,4.94,4.97,4.76
8522750,44820563,0,,,,,,,
8558436,2487671,13,4.62,4.85,4.54,4.69,4.85,4.46,4.62
8571567,45112161,0,,,,,,,
8577081,27680847,0,,,,,,,
8705956,45661681,10,4.2,4.2,4.6,4.4,4.4,4.8,4.2
8721639,45661681,20,4.75,4.6,4.7,5,5,4.95,4.45
8727077,45798265,0,,,,,,,
8800763,46116154,214,4.84,4.9,4.94,4.91,4.93,4.73,4.8
8890247,46515276,45,4.51,4.53,4.36,4.91,4.89,4.84,4.62
8897560,46545593,37,4.22,4.44,4.3,4.56,4.7,4.53,4.61
8914905,8881470,6,4.67,4.67,4.5,4.83,5,5,4.67
8957363,46815723,0,,,,,,,
9054629,46052159,23,4.17,4.32,4,4.27,4.45,4.73,4.45
9054941,46052159,2,4,5,4,5,5,5,5
9055103,46052159,24,4.5,4.71,4.43,4.71,4.79,4.79,4.54
9105592,39205735,0,,,,,,,
9116730,12067440,84,4.58,4.6,4.63,4.81,4.89,4.62,4.31
9143024,46545593,34,4.03,4.32,3.68,4.38,4.41,4.41,4.09
9207480,47888110,0,,,,,,,
9216943,47682311,25,4.76,4.72,4.76,4.79,4.76,4.79,4.71
9268058,46515276,34,4.44,4.5,4.29,4.79,4.85,4.65,4.53
9268500,46515276,8,4,4.5,4.5,4.75,4.75,4.63,4.25
9268680,46515276,15,4.6,4.73,4.53,4.86,4.86,4.71,4.71
9269260,46515276,9,4.67,4.78,4,4.56,4.78,5,4.78
9269637,46515276,1,4,4,3,5,5,5,4
9269848,46515276,4,4.5,4.5,4.5,4.75,4.75,4.75,4.5
9269981,46515276,7,4.71,4.57,4.57,4.57,4.86,4.71,4.71
9281075,48196619,30,4.87,4.93,4.93,4.97,4.93,4.63,4.8
9282668,35065351,0,,,,,,,
9320962,25151260,95,4.75,4.82,4.81,4.91,4.85,4.67,4.72
9351647,47682311,8,4.38,4.5,4.38,4.5,4.63,4.88,4.13
9397355,8948251,0,,,,,,,
9398808,45955773,0,,,,,,,
9417635,39525377,0,,,,,,,
9464059,47866620,109,4.32,4.5,4.41,4.72,4.75,4.72,4.34
9480279,49139350,0,,,,,,,
9532788,49380207,206,4.7,4.77,4.71,4.8,4.86,4.9,4.74
9584573,4189855,12,5,5,5,5,5,4.92,4.92
9635192,49380207,188,4.64,4.82,4.79,4.82,4.88,4.88,4.77
9637478,46052159,5,4.2,4.4,3.8,4.2,4.6,5,4.2
9683612,43228625,13,4.15,3.92,4.08,4.85,4.62,4.38,4.08
9746208,49380207,157,4.77,4.82,4.7,4.86,4.92,4.92,4.77
9857050,31583707,2,5,5,5,5,5,5,5
9875315,35065351,0,,,,,,,
9887900,28895367,13,4.77,4.92,4.69,4.92,4.92,4.42,4.69
9910891,50960671,36,4.74,4.81,4.69,4.83,4.83,4.92,4.61
9928008,41234655,92,4.89,4.89,4.93,5,4.97,4.7,4.69
9932692,47526026,12,4.17,4.25,3.67,4.5,4.33,4.08,4.08
9942594,34649530,0,,,,,,,
9981003,51287592,0,,,,,,,
9986864,51312096,2,4,5,3,3.5,5,5,4
10001615,50960671,43,4.65,4.83,4.76,4.88,4.85,4.93,4.78
10020525,46545593,15,4.13,4.2,4.07,4.53,4.53,4.33,4.33
10020690,46545593,24,4.21,4.63,3.88,4.83,4.79,4.42,4.33
10021140,46545593,7,4,4,4.29,4.5,4.57,4.5,4
10021610,46545593,33,4.18,4.5,4.24,4.69,4.56,4.63,4.34
10023519,46545593,28,4.18,4.61,4.32,4.75,4.71,4.71,4.39
10027442,46545593,30,4.27,4.37,4.03,4.73,4.57,4.73,4.5
10030323,46545593,67,4.09,4.42,3.94,4.6,4.6,4.47,4.32
10040456,46545593,7,4,4.29,4.29,4.71,4.14,4.29,3.86
10040969,46545593,59,4.12,4.32,4.1,4.64,4.44,4.37,4.22
10041012,46545593,34,4.21,4.41,4,4.88,4.56,4.42,4.36
10126030,43228625,6,4,4.17,4.67,4.67,4.67,4.83,4.5
10210475,28809566,0,,,,,,,
10302387,33871191,0,,,,,,,
10321584,53114439,0,,,,,,,
10399199,20723834,68,4.94,4.91,4.84,4.94,4.96,4.97,4.91
10427701,8948251,2,4.5,4.5,3.5,5,4.5,5,4
10440235,8948251,0,,,,,,,
10626378,11390076,15,4,4.07,3.8,4.13,4.47,4.87,4.27
10669564,48396836,0,,,,,,,
10708117,44703717,0,,,,,,,
10718463,52896591,36,4.89,4.92,4.78,4.89,4.92,4.75,4.75
10813595,19611001,0,,,,,,,
10936529,56702256,0,,,,,,,
11071722,48996657,2,4.5,4.5,4.5,4.5,4.5,4.5,4.5
11126190,57815182,0,,,,,,,
11127304,57815182,0,,,,,,,
11128602,57832356,0,,,,,,,
11325779,59156085,0,,,,,,,
11425553,60024674,41,4.78,4.88,4.93,4.85,4.85,4.8,4.8
11465411,10756571,39,4.56,4.77,4.36,4.82,4.79,4.82,4.51
11496278,52494253,4,4.75,4.5,4.75,4.25,4.75,4.75,4.75
11544732,60916030,3,4.67,4.67,4.67,4.33,4.33,4.67,4.67
11581560,61230299,9,4.89,5,4.89,5,5,5,4.67
11617126,45661681,0,,,,,,,
14211027,86278590,43,4.84,4.77,4.74,4.95,5,4.86,4.71
11626258,15401676,0,,,,,,,
11660178,24496358,6,4.83,4.83,4.83,5,5,4.83,4.5
11679272,24496358,0,,,,,,,
11679463,24496358,8,4.5,4.38,4.63,4.88,4.88,4.5,4.25
11760026,34649530,2,5,5,4.5,5,5,5,5
11898518,63463126,0,,,,,,,
11980197,63152849,71,4.87,4.93,4.89,4.88,5,4.55,4.82
11993987,1439258,13,4.15,4,4.38,4.69,4.38,4.62,4.15
11994937,64134757,0,,,,,,,
12028422,1439258,7,4,3.43,3.57,4.57,4.14,4.29,4
12055849,64569568,0,,,,,,,
12162272,65322694,256,4.85,4.87,4.66,4.95,4.93,4.91,4.74
12178884,61187361,0,,,,,,,
12211385,65679130,23,4.26,4.65,4.17,4.82,4.86,4.45,4.32
12211392,65679130,38,4.45,4.3,4.11,4.86,4.78,4.68,4.46
12213801,2413412,1,5,4,5,5,5,5,4
12219588,65728823,65,4.66,4.74,4.45,4.86,4.91,4.42,4.54
12253611,65974072,0,,,,,,,
12261620,4673970,0,,,,,,,
12317780,66443986,1,5,5,5,5,5,5,5
12345284,65679130,92,4.45,4.61,4.27,4.73,4.77,4.46,4.6
12347038,65679130,66,4.42,4.57,4.46,4.73,4.78,4.53,4.53
12366660,65679130,4,4.5,4.75,4,5,4.75,4,4.75
12366958,65679130,26,4.42,4.54,4.36,4.62,4.65,4.54,4.58
12367042,65679130,4,4,4,3.5,4.25,4.5,4.75,4
12367245,65679130,73,4.38,4.4,4.22,4.64,4.51,4.47,4.43
12367388,65679130,156,4.34,4.55,4.26,4.82,4.78,4.62,4.56
12367758,65679130,0,,,,,,,
12367917,65679130,0,,,,,,,
12368074,65679130,0,,,,,,,
12434512,1439258,5,4.8,4.2,5,5,4.8,4.8,4.6
12455215,12067440,37,4.7,4.7,4.81,4.95,4.92,4.76,4.65
12484261,3234859,274,4.84,4.82,4.77,4.93,4.94,4.81,4.73
12556334,68059127,2,5,5,5,5,5,5,5
12583148,48377803,0,,,,,,,
12702541,1901820,26,4.69,4.88,4.81,4.83,4.96,4.75,4.83
12738797,84411185,5,4.8,5,4.8,4.25,4.4,5,4.5
12738896,22554193,6,4,4.83,3.83,4.5,4.83,4.83,4
12815967,69904125,0,,,,,,,
12904788,8948251,2,5,5,5,5,5,5,5
12975156,2413412,3,4,5,3.67,5,5,5,4.67
12975736,8948251,2,5,5,4,5,5,5,5
13049120,33342825,9,4.67,4.33,4.78,4.67,4.67,4.56,4.33
13183241,24496358,3,5,5,5,5,5,5,4.5
13254555,25753591,7,4.43,4.86,4.71,5,4.71,5,4.57
13274269,17526618,16,4.44,4.56,4.44,4.8,4.88,4.88,4.63
13274598,17526618,17,4.41,4.65,4.47,4.65,4.59,4.82,4.53
13283938,772728,65,4.75,4.7,4.65,4.87,4.92,4.71,4.66
13286282,60720370,51,4.84,4.84,4.73,4.86,4.86,4.92,4.73
13317120,1439258,8,4.88,4.75,4.5,4.5,4.63,5,4.75
13336111,74249089,0,,,,,,,
13361848,8948251,2,5,4.5,4,5,5,5,5
13396802,1439258,15,4.73,4.53,4.6,4.73,4.73,4.53,4.4
13454638,3621802,7,4.29,4.43,4.29,5,4.71,5,4.43
13468399,77033921,6,4.5,4.8,4.83,4.8,5,4.6,4.2
13540021,51503267,0,,,,,,,
13556435,78080643,33,4.73,4.82,4.63,4.79,4.85,4.45,4.63
13559548,78080643,7,4.71,4.86,5,4.86,4.86,4.71,4.71
13607907,19385970,0,,,,,,,
13642646,65526303,19,4.68,4.58,4.63,4.63,4.74,4.61,4.53
13659860,10802615,0,,,,,,,
13703898,9453430,58,4.67,4.64,4.72,4.66,4.79,4.55,4.61
13756029,76690273,0,,,,,,,
13809823,1170341,20,4.9,4.89,4.95,4.89,5,4.89,4.89
13834039,25185912,0,,,,,,,
13875517,65549406,0,,,,,,,
13890512,8948251,0,,,,,,,
13952292,24496358,5,4.8,4.8,4.8,4.8,4.8,4.6,4.6
13965663,46515276,12,4.42,4.33,4.75,5,5,4.58,4.67
13966783,2413412,2,5,5,4,5,5,5,5
13967083,8948251,2,3.5,3.5,4,5,4.5,4,4
13967760,68059127,1,4,4,4,4,4,3,3
14020127,83878917,17,4.12,4.59,4.47,4.4,4.41,4.47,4
14029416,2413412,1,5,5,5,5,5,5,5
14094341,84635959,1,5,5,4,5,5,5,4
14099732,84863690,2,5,5,5,5,5,4.5,5
14157765,27888612,0,,,,,,,
14158971,24496358,0,,,,,,,
14196212,10802615,0,,,,,,,
14213091,10802615,0,,,,,,,
14226426,84590945,2,5,5,5,5,5,5,4.5
14226658,84590945,1,5,5,5,5,5,5,3
14289091,87219452,4,4.5,5,4.5,4.75,4.5,4.5,4.75
14293554,11390076,4,3.75,3.75,3.25,4.75,4,4.75,3.5
14315372,220368734,21,4.76,4.9,4.76,4.85,4.9,4.9,4.6
14332483,87731750,31,4.1,4.32,4.06,4.68,4.71,4.45,4.39
14341511,7609000,9,4.89,4.89,4.67,5,5,4.56,4.56
14407337,2413412,1,5,5,5,5,5,5,5
14435012,25185912,4,4.5,4.33,4.25,4.67,5,5,5
14489603,87731750,57,4.51,4.6,4.23,4.96,4.89,4.67,4.68
14530157,3162951,9,5,5,5,5,5,4.67,5
14558461,24496358,1,5,5,5,5,5,5,5
14577360,2413412,2,5,4.5,4.5,4.5,4.5,4.5,4.5
14582945,47682311,1,4,5,5,5,5,5,5
14583967,2413412,4,4.5,5,4.5,5,5,5,4.33
14602011,90599917,0,,,,,,,
14701395,45661681,2,4.5,3.5,4,4.5,5,5,3.5
14901562,8948251,1,5,5,5,5,5,5,5
14902239,2413412,1,5,5,5,5,5,5,5
14926743,10960217,2,5,5,4.5,5,5,5,5
14938335,54324125,0,,,,,,,
14940462,54324125,0,,,,,,,
14953906,2413412,2,4,3,3.5,4,3,4.5,4
14954546,93089312,0,,,,,,,
15001844,94622308,0,,,,,,,
15100514,21149720,2,4.5,4.5,4.5,4,5,4,4.5
15229173,29131068,0,,,,,,,
15238692,41875762,0,,,,,,,
15260342,72431839,3,3.67,4.33,4,4.67,5,3.67,4.67
15274648,1584407,11,4.73,4.82,4.91,4.91,4.91,4.73,4.82
15310627,30613375,67,4.91,4.94,4.97,5,4.99,4.97,4.82
15316856,1386714,49,4.96,4.98,4.96,4.98,4.96,4.79,4.88
15364942,24496358,8,4.75,4.75,4.75,4.88,4.75,4.63,4.5
15365213,24496358,0,,,,,,,
15367409,97878860,4,4.25,4.5,4.5,4.5,4.5,5,4.5
15379742,98310459,0,,,,,,,
15389076,78364359,22,4.86,4.77,4.73,4.82,4.91,4.77,4.64
15406706,2413412,1,5,4,4,4,5,5,5
15428715,44761306,24,4.63,4.7,4.25,4.78,4.87,4.68,4.57
15430456,71764725,0,,,,,,,
15441196,2413412,6,4.83,4.83,4.5,5,5,5,4.5
15454153,2327574,19,4.68,4.84,4.58,4.68,4.84,4.21,4.53
15487894,97878860,2,4.5,4.5,4,5,5,5,4
15508557,47682311,5,4.6,5,4.4,4.5,4.8,4.5,4.75
15538540,2413412,1,5,5,5,5,5,5,5
15539906,97397042,0,,,,,,,
15651261,20049904,0,,,,,,,
15687109,100661714,6,5,5,5,5,5,4.83,5
15722252,29131068,0,,,,,,,
15765810,101926374,0,,,,,,,
15773382,102007408,2,4.5,4.5,4.5,5,5,5,4.5
15775439,6689302,2,5,5,5,5,5,5,5
15775531,102027164,0,,,,,,,
15792137,23336011,141,4.77,4.85,4.85,4.94,4.91,4.96,4.67
15792808,23336011,199,4.8,4.83,4.83,4.89,4.93,4.92,4.7
15813099,1521514,1,4,4,4,4,5,4,4
15850202,29427922,0,,,,,,,
15919162,85231832,1,4,4,4,4,4,4,3
15933531,2413412,1,4,4,3,5,5,5,3
15965563,103692249,1,5,5,4,5,4,4,5
15991345,1521514,28,4.79,4.61,4.54,4.82,4.82,4.79,4.71
16005440,10855869,0,,,,,,,
16006904,1521514,12,4.83,4.67,4.42,4.83,4.75,4.92,4.42
16007139,1521514,12,4.5,4.75,4.58,4.92,5,4.92,4.67
16036564,4705949,11,4.91,4.82,4.82,4.91,5,4.91,4.64
16044788,11390076,14,4.36,4.31,3.85,4.62,4.62,4.85,4.23
16057988,772728,35,4.8,4.71,4.89,4.97,4.97,4.71,4.71
16110969,65679130,9,4,3.78,3.78,4.5,4.38,4.63,4.13
16118606,11463785,15,4.93,4.93,4.93,5,5,4.87,4.87
16149105,68059127,1,5,5,5,5,5,5,5
16149534,68059127,0,,,,,,,
16149684,68059127,1,5,3,3,5,5,5,4
16150227,68059127,4,4.75,4.75,4.25,4.75,5,4.75,4.75
16150642,68059127,4,5,5,4.75,5,5,4.75,4.75
16155549,91481229,0,,,,,,,
16177101,46545593,89,4.22,4.38,4.25,4.66,4.61,4.48,4.38
16183428,46545593,11,4.18,4.36,4,4.45,4.64,4.55,4.45
16185665,8948251,0,,,,,,,
16206947,54324125,0,,,,,,,
16209070,8948251,1,3,4,4,5,4,5,4
16213115,46545593,18,4.06,4.17,4.22,4.83,4.78,4.33,4.06
16213146,54324125,1,5,5,5,5,5,5,5
16213361,54324125,0,,,,,,,
16220808,2413412,1,5,5,5,5,5,5,5
16243464,106191222,0,,,,,,,
16260783,24496358,5,4.8,4.8,4.4,4.8,5,4.4,4.8
16309636,49380207,68,4.84,4.82,4.91,4.87,4.91,4.94,4.78
16370834,5423329,35,4.94,4.97,5,4.97,4.97,4.74,4.83
16395877,84411185,0,,,,,,,
16424205,51481829,9,5,5,4.89,4.89,5,3.89,4.89
16428014,12067440,128,4.61,4.63,4.49,4.89,4.84,4.8,4.45
16429519,12067440,53,4.58,4.65,4.52,4.87,4.83,4.67,4.6
16462052,51481829,17,4.76,4.75,4.82,4.82,4.82,4.18,4.82
16477283,51481829,19,4.84,4.89,4.84,4.95,4.95,4.42,4.74
16502098,108417270,140,4.55,4.71,4.69,4.74,4.75,4.69,4.65
16519375,108476315,18,4.61,4.28,4.61,4.5,4.61,4.94,4.78
16552273,8948251,1,5,5,5,5,5,5,4
16578603,63207270,0,,,,,,,
16612155,36773968,2,4.5,4.5,4.5,4,4.5,4.5,4.5
16621264,108219571,13,4.46,4.54,4.77,4.77,4.92,4.77,4.15
16650721,28809566,1,4,5,4,5,5,5,5
16742820,111065775,12,4.75,4.83,4.83,4.75,4.75,4.92,4.5
16743909,111065775,19,4.53,4.63,4.42,4.74,4.84,4.89,4.32
16744167,111065775,19,4.53,4.58,4.58,4.84,4.79,4.95,4.32
16745292,111065775,16,4.13,4.38,4.69,4.75,4.38,4.88,4.31
16750061,111065775,18,4.67,4.5,4.56,4.94,4.89,5,4.72
16798945,2413412,1,5,5,5,5,5,3,4
16846533,111065775,26,4.36,4.58,4.58,4.88,4.81,4.88,4.38
16848828,111065775,12,4.42,4.25,4.33,4.83,4.75,4.83,4.5
16881298,112299696,1,4,5,5,5,5,5,5
16891958,3234859,233,4.74,4.82,4.79,4.93,4.94,4.75,4.62
16966634,5423329,30,4.77,4.9,4.83,4.89,4.86,4.54,4.79
17016908,47378904,133,4.79,4.82,4.71,4.88,4.89,4.5,4.68
17037625,25033568,0,,,,,,,
17053896,25375339,5,4,3.8,4.4,4,4.2,4.2,4
17112396,112299696,0,,,,,,,
17179470,23874147,16,4.75,4.63,4.75,4.81,5,4.81,4.69
17191773,23336011,8,5,4.88,4.88,5,5,4.88,4.88
17275135,11390076,16,4.75,4.88,4.38,4.94,5,4.94,4.5
17414394,117765997,16,4,4.25,4,4.5,4.63,4.19,4.19
17442010,22273315,1,2,2,1,5,4,4,3
17483368,97878860,2,4.5,3.5,3.5,5,5,5,3
17488373,97878860,1,5,5,5,5,5,5,5
17519803,97878860,1,5,5,5,5,5,5,5
17601150,119614575,24,4.71,4.79,4.71,4.71,4.71,4.71,4.71
17615250,97878860,1,5,5,4,5,5,5,5
17626886,97878860,4,4.75,4.75,4.25,5,4.25,5,4.5
17641382,23336011,5,5,5,5,5,5,5,4.8
17643521,97878860,0,,,,,,,
17672050,117765997,43,4.21,4.37,4.05,4.77,4.7,4.52,4.43
17684352,114813216,47,4.98,4.96,4.91,5,5,4.98,4.77
17736530,120966362,30,4.93,4.97,5,5,5,4.76,4.83
17740089,119740557,7,4,3.86,3.29,4.57,4.71,4.86,4.43
17766467,97878860,2,4.5,4.5,4,4.5,4.5,5,5
17778761,9293170,7,4.43,4.83,4.29,4.17,4.83,4.83,4.17
17780022,11080562,0,,,,,,,
17868078,11390076,1,5,5,5,5,5,5,5
17927897,23336011,49,4.88,4.88,4.96,4.73,4.96,4.98,4.78
17928170,23336011,145,4.81,4.86,4.88,4.8,4.93,4.92,4.74
17928273,23336011,67,4.73,4.88,4.85,4.79,4.85,4.9,4.6
17929045,211434941,4,4.75,4.75,4.75,4.75,4.75,5,4
17929052,211434941,0,,,,,,,
17929053,211434941,8,4,4.25,4.13,4.38,4.5,4.5,4.13
17929054,211434941,3,4.33,4.33,4.33,5,5,5,4.33
17929055,211434941,11,4.73,4.82,4.82,5,5,5,4.64
17929480,97878860,0,,,,,,,
17947055,97878860,0,,,,,,,
17949590,108417270,47,4.6,4.68,4.72,4.62,4.7,4.55,4.6
17951810,9293170,10,4.5,4.8,4.4,4.9,4.9,5,4.8
18000521,23336011,4,4,4.5,5,3.67,4,4.67,4.67
18052476,124238686,50,4.7,4.92,4.74,4.9,4.94,4.74,4.76
18085436,124536308,0,,,,,,,
18109887,101940767,15,4.33,4.6,3.87,4.73,4.87,4.87,4.67
18151459,12083856,5,5,5,5,5,4.8,4.6,4.8
18166182,45661681,4,4.25,3.75,4.25,5,5,4.75,4.25
18169687,68059127,6,4.5,4.83,4.5,5,5,4.67,4.83
18184250,33096269,118,4.39,4.75,4.36,4.81,4.85,4.37,4.48
18199481,23336011,31,4.68,4.71,4.81,4.45,4.84,4.77,4.68
18202395,23336011,61,4.85,4.77,4.95,4.89,4.9,4.92,4.66
18235755,124238686,134,4.75,4.84,4.75,4.89,4.89,4.86,4.77
18243059,49836226,0,,,,,,,
18253219,92626981,2,5,5,5,5,5,5,4.5
18286281,126446203,2,5,5,5,5,5,5,5
18342015,68059127,0,,,,,,,
18388608,127346104,45,4.96,4.93,4.96,4.96,5,4.76,4.93
18421322,97878860,1,5,5,5,5,5,5,5
18434466,46515276,68,4.49,4.72,4.28,4.96,4.85,4.85,4.72
18452100,97878860,2,5,5,5,5,5,5,4
18479131,128188332,0,,,,,,,
18508828,128465640,39,4.82,4.87,4.67,4.95,4.95,4.66,4.76
18513959,97878860,1,5,5,4,5,5,5,5
18646333,129561517,0,,,,,,,
18674998,111065775,7,4.43,5,4.57,5,5,4.83,4.5
18675202,111065775,22,4.45,4.59,4.36,4.71,4.73,4.76,4.33
18858584,111065775,12,4.58,4.58,4.42,4.67,4.67,4.75,4.33
18899288,228867,6,4,4.2,4,4.6,4.6,4.6,4
18905203,33003286,34,5,4.97,5,5,5,4.91,4.94
18978986,132393304,0,,,,,,,
19009415,97878860,0,,,,,,,
19056267,2413412,2,4.5,5,5,5,4.5,5,5
19107598,56421978,82,4.74,4.87,4.6,4.89,4.96,4.68,4.65
19200431,20872645,10,4.2,4.1,4,4.56,4.3,3.78,3.67
19218794,36416351,32,4.84,4.94,4.88,4.94,4.97,4.63,4.77
19231371,24496358,2,4,4,4,5,5,4.5,4
19258336,134342173,0,,,,,,,
19282261,20872645,0,,,,,,,
19438458,24759045,0,,,,,,,
19490734,22554193,0,,,,,,,
19491036,19006596,0,,,,,,,
19534648,84590945,0,,,,,,,
19535251,84590945,0,,,,,,,
19595322,135298846,13,4.85,5,4.85,5,4.92,5,4.92
19595827,135298846,26,4.77,4.88,4.62,5,4.96,5,4.62
19615505,21038840,0,,,,,,,
19731540,1439258,7,4.29,3.86,4.43,4.71,4.43,4.57,4.57
19774490,8948251,2,5,5,5,5,5,4.5,5
19774868,126914776,0,,,,,,,
19801431,8948251,1,5,5,5,5,5,5,5
19831199,90613922,91,4.74,4.87,4.81,4.97,4.77,4.91,4.67
19895150,69121685,4,4,3.75,4.25,5,4.75,5,3.75
20003123,97878860,1,3,5,5,5,5,5,3
20016031,69121685,3,5,5,4.33,5,5,4.67,4.67
20016671,69121685,3,4.67,4,4.33,5,5,5,4
20084815,135298846,26,4.96,5,5,5,5,4.88,4.96
20096441,135298846,14,4.86,4.57,4.57,4.86,4.86,4.93,4.64
20182075,25753591,7,4.86,4.71,5,5,4.86,5,4.71
20268188,57815182,0,,,,,,,
20395120,145421414,3,5,5,5,5,5,5,5
20459428,97878860,3,4.33,5,3.67,5,5,5,4.5
20468114,112299696,1,4,4,4,4,4,4,4
20512779,9899270,38,4.97,4.95,4.92,4.97,4.97,4.79,4.84
20539655,134338083,24,4.83,4.83,4.79,4.88,4.83,4.71,4.75
20547412,146727068,0,,,,,,,
20564987,81511180,0,,,,,,,
20625688,8948251,0,,,,,,,
20625726,2413412,1,5,5,5,5,5,5,5
20625773,97878860,1,5,5,4,5,5,4,4
20631625,138649185,0,,,,,,,
20658143,138649185,0,,,,,,,
20774506,148809201,0,,,,,,,
20774607,148809201,1,5,5,4,5,5,5,5
20778113,11248671,1,5,4,5,5,4,5,5
20788751,69121685,0,,,,,,,
20791161,122991242,5,5,5,5,4.8,5,4.8,5
20806898,124516401,6,4.5,4.5,4.33,4.67,4.67,4.83,3.33
20813719,149095282,0,,,,,,,
20824274,97878860,3,5,5,4.67,5,5,5,4.67
20856422,97878860,0,,,,,,,
20877332,97878860,1,4,5,4,5,5,5,5
20880300,94428597,0,,,,,,,
20888336,144358326,100,4.79,4.88,4.86,4.92,4.95,4.29,4.84
20984770,97878860,2,5,5,5,5,5,5,5
21013726,2413412,4,4.25,4,3.5,4.75,4.5,4.25,4
21015410,8948251,1,4,5,4,5,5,5,5
21015787,97878860,0,,,,,,,
21015821,148161274,0,,,,,,,
21015824,148161274,1,5,5,5,5,5,3,5
21015873,148161755,11,5,4.91,4.82,5,5,4.82,4.64
21015874,148161755,14,4.86,4.93,4.93,4.93,5,4.93,4.64
21015876,148161755,21,4.95,5,4.95,4.9,4.9,4.95,4.71
21015880,148161755,31,4.97,4.97,4.97,5,4.97,4.94,4.84
21015881,148161755,9,4.89,4.89,4.89,5,4.89,5,4.67
21015977,148161755,15,4.93,4.87,4.87,5,4.8,4.8,4.53
21037930,151527816,1,4,5,5,5,5,4,5
21044947,151530641,1,5,5,5,5,5,4,5
21145943,97878860,0,,,,,,,
21154124,152646149,1,5,4,3,5,5,5,5
21182751,87731750,2,4.5,4,4,4.5,4.5,4,4.5
21214988,149095282,0,,,,,,,
21227203,142727817,36,4.64,4.72,4.86,4.92,4.86,4.89,4.58
21283595,111065775,9,4.22,3.89,4.44,4.89,4.33,4.78,3.89
21370642,20509717,27,4.93,4.96,4.81,4.96,4.96,5,4.89
21398866,8948251,0,,,,,,,
21402272,55973390,3,4.33,5,4.33,5,5,4,4.33
21415749,151316863,231,4.64,4.77,4.52,4.85,4.85,4.84,4.67
21416331,151316863,57,4.63,4.74,4.35,4.89,4.86,4.84,4.61
21416445,151316863,16,4.25,4.5,4.13,4.44,4.69,4.63,4.19
21419965,155235048,2,5,5,5,5,5,5,5
21420790,155244964,20,4.8,4.95,4.9,5,4.9,4.9,4.75
21428446,155244964,91,4.44,4.5,4.54,4.74,4.69,4.7,4.23
21462227,151316863,1,5,5,5,5,4,5,5
21552874,141470884,1,5,5,4,5,5,5,5
21553387,134338083,4,4.75,5,4.75,5,5,5,5
21605333,155244964,78,4.44,4.56,4.69,4.88,4.77,4.73,4.35
21626008,97878860,0,,,,,,,
21650745,155235048,1,5,5,5,5,5,5,5
21670282,135298846,30,4.77,4.73,4.63,4.9,4.77,5,4.43
21703476,8948251,1,4,5,3,5,5,5,5
21716537,50262492,0,,,,,,,
21722898,97878860,2,5,5,4,5,5,5,5
21758153,32984080,133,4.89,4.89,4.92,4.92,4.93,4.89,4.77
21772057,2413412,2,4,4.5,4,5,5,4.5,4.5
21793363,97878860,1,5,5,5,5,5,5,5
21803237,2413412,1,5,5,4,5,5,5,5
21854678,159031223,123,4.82,4.85,4.81,4.91,4.91,4.53,4.66
21854687,159031223,200,4.85,4.85,4.91,4.89,4.89,4.6,4.74
21854697,159031223,25,4.8,4.88,4.84,4.92,4.88,4.44,4.52
21865119,97878860,1,5,5,5,5,5,5,5
21887155,40912923,90,4.76,4.91,4.63,4.98,4.93,4.6,4.78
21916263,2413412,3,4.67,4.67,3.67,5,5,5,4.33
21927257,8948251,1,5,5,5,5,5,5,5
21928795,97878860,1,5,5,4,5,5,5,4
21939528,5629144,0,,,,,,,
21953185,147505789,0,,,,,,,
21970302,8948251,1,4,4,4,4,5,5,4
22007320,160703921,0,,,,,,,
22019165,2413412,1,5,5,4,5,5,5,5
22021287,124827904,10,4.8,4.7,4.7,4.7,5,4.9,4.8
22051870,108417270,159,4.67,4.76,4.74,4.82,4.84,4.7,4.69
22051992,97878860,1,5,5,5,5,5,5,4
22090557,40248541,1,5,5,5,5,5,5,5
22090559,40248541,0,,,,,,,
22090561,40248541,0,,,,,,,
22090563,40248541,0,,,,,,,
22090564,40248541,0,,,,,,,
22133845,47888110,0,,,,,,,
22193170,24778864,19,4.79,4.68,4.79,4.95,4.95,4.84,4.74
22196788,8948251,1,5,5,4,5,5,5,5
22214451,8948251,1,5,5,5,5,5,5,5
22233862,9899270,62,4.81,4.87,4.77,4.95,4.95,4.82,4.66
22252473,148161274,0,,,,,,,
22267147,97878860,2,3.5,4,2.5,5,5,4.5,3.5
22317980,163023572,0,,,,,,,
22345943,97878860,2,5,5,5,5,5,5,5
22348216,161561473,51,4.51,4.75,4.61,4.94,4.92,4.2,4.43
22361966,11390076,2,4.5,5,4.5,5,5,5,4.5
22376153,8948251,2,4.5,4,4.5,4.5,4,5,4
22395492,8948251,2,4,4,4,5,4.5,4.5,3.5
22402277,163416800,0,,,,,,,
22458255,6578888,0,,,,,,,
22469925,33342825,1,4,5,4,3,5,3,3
22472031,126899795,0,,,,,,,
22561172,111065775,6,4.67,5,5,5,4.83,5,4.67
22577896,15040015,9,4.56,4.33,4.56,4.56,4.33,3.89,4.11
22588306,1439258,2,4,3.5,3,5,5,5,3
22590845,97878860,2,4,3.5,3,4.5,3.5,4.5,3.5
22594189,111065775,12,4.58,4.58,4.83,4.58,4.67,4.83,4.5
22620261,9261752,0,,,,,,,
22666446,161561473,69,4.49,4.75,4.54,4.86,4.96,4.28,4.51
22708024,167483159,0,,,,,,,
22720008,97878860,0,,,,,,,
22733377,167817067,4,4.5,4.25,4,4.75,4.75,4.5,4.5
22745179,167947458,145,4.93,4.95,4.84,4.96,4.97,4.91,4.84
22760803,138649185,0,,,,,,,
22798533,135298846,19,4.89,4.84,4.89,4.95,4.84,4.89,4.68
22826338,46746027,0,,,,,,,
22874441,6170589,3,4.67,5,4.67,4.67,5,5,4.33
22890318,1439258,5,4.6,4.4,4.8,4.8,4.6,4.6,3.6
22912035,124516401,6,4.83,4.83,5,5,5,4.83,4.67
22912163,124516401,4,5,5,5,5,5,5,4.75
22918883,138649185,0,,,,,,,
22971370,1439258,2,5,4.5,5,4,5,4.5,4
22979766,100474068,32,4.97,4.91,4.91,4.97,4.88,4.5,4.97
22990388,124516401,4,4.75,4.75,4.75,4.75,5,5,4.75
22990457,124516401,7,4.57,4.71,5,5,5,4.86,4.57
23015765,18618387,7,4.43,4.29,4.71,4.86,4.43,4.71,4.29
23045739,148161755,11,4.64,4.73,5,5,4.73,5,4.73
23048720,8948251,1,4,4,3,4,4,4,3
23052237,65549406,0,,,,,,,
23063409,148161755,3,5,5,5,5,5,5,4
23070167,696093,6,4.83,5,4.5,5,5,4.6,4.6
23070535,8948251,0,,,,,,,
23080358,97878860,0,,,,,,,
23094299,135298846,14,4.57,4.57,4.29,4.79,4.71,5,4.57
23097015,2413412,5,4.6,4.2,4.2,4.8,4.8,5,4.2
23112197,94903993,1,5,5,5,5,5,4,4
23169041,47866620,52,4.4,4.58,4.27,4.9,4.94,4.83,4.5
23224067,86408835,0,,,,,,,
23258478,80444449,0,,,,,,,
23264528,173159507,3,5,5,4.33,5,4.67,4.67,5
23279111,105546293,12,4.5,4.83,4.58,4.92,4.5,4.75,4.17
23315012,23336011,35,4.77,4.77,4.86,4.86,4.94,4.86,4.57
23318905,25185912,0,,,,,,,
23345095,10398604,0,,,,,,,
23348921,97878860,2,5,5,3.5,5,5,4.5,4
23360633,25185912,1,4,5,5,5,5,5,4
23361035,25185912,3,4.33,4.67,4.33,5,5,5,4.33
23362375,25185912,0,,,,,,,
23362544,25185912,10,4.8,4.8,4.7,5,5,5,4.6
23380147,111065775,11,4.45,4.73,4.64,4.91,4.73,5,4.36
23380199,111065775,3,4,4.33,4.67,4,4,4.67,4
23380866,111065775,2,4,4,4,5,4.5,5,3.5
23509109,78357301,0,,,,,,,
23598682,160352841,28,4.93,4.82,4.79,4.79,4.75,4.64,4.79
23613551,788058,0,,,,,,,
23733935,1170341,7,5,5,5,5,4.86,5,4.71
23760158,178192415,87,4.72,4.82,4.94,4.91,4.85,4.61,4.74
23861900,1439258,4,4.5,4.25,4.5,5,4.75,4.75,4.5
23862116,25185912,0,,,,,,,
23874999,20723834,56,4.93,4.95,4.91,4.98,5,4.98,4.89
23964810,43109729,0,,,,,,,
23965690,86034726,0,,,,,,,
23968828,145959309,0,,,,,,,
24044750,32642433,0,,,,,,,
24044899,34811439,0,,,,,,,
24047711,74393907,0,,,,,,,
24087563,28898261,0,,,,,,,
24114234,143675159,0,,,,,,,
24125960,18618387,22,4.5,4.32,4.55,4.55,4.68,4.73,4.36
24161078,1439258,4,5,4.75,4.75,5,5,5,4.75
24170288,11390076,3,4.33,3.67,3.33,5,5,5,4
24222226,8948251,0,,,,,,,
24235192,163757139,0,,,,,,,
24300044,2413412,0,,,,,,,
24412725,32502212,0,,,,,,,
24420175,25185912,7,4.29,4.29,4.43,5,4.86,4.71,4.43
24447655,1439258,3,4,4,4.67,4.33,4.33,3.67,4
24500374,7345696,0,,,,,,,
24503612,51384823,0,,,,,,,
24506349,156409670,0,,,,,,,
24528929,184792657,76,4.5,4.76,4.39,4.84,4.84,4.62,4.66
24546514,184792657,83,4.46,4.63,4.41,4.75,4.81,4.63,4.65
24569607,2413412,0,,,,,,,
24571017,184792657,89,4.47,4.73,4.31,4.85,4.82,4.56,4.6
24586538,33096269,88,4.59,4.78,4.39,4.89,4.91,4.69,4.56
26583889,1170341,9,4.89,5,5,4.89,5,4.78,4.56
24606096,1439258,3,5,5,4.33,5,5,5,4.67
24609199,164189015,32,3.84,3.97,3.72,4.31,4.31,4.47,3.84
24618190,138649185,2,4.5,4.5,4.5,5,4.5,4,3.5
24635669,2413412,1,3,4,4,5,5,5,4
24636266,8948251,2,3.5,3,3,4,4.5,5,3.5
24636530,97878860,1,5,5,5,5,5,5,5
24659042,186368904,181,4.72,4.89,4.8,4.88,4.9,4.78,4.8
24660198,7210103,136,4.72,4.71,4.77,4.88,4.69,4.82,4.51
24664051,186405513,134,4.63,4.78,4.65,4.93,4.87,4.81,4.65
24682695,111065775,3,4.33,4.33,4,5,4.67,5,4
24707713,186742615,129,4.6,4.84,4.65,4.89,4.84,4.69,4.64
24720145,33096269,70,4.4,4.67,4.23,4.81,4.83,4.71,4.53
24725185,25185912,2,5,5,4.5,5,5,5,4.5
24741587,108773366,6,4,4.33,4.5,4.83,5,5,4.33
24761439,108773366,22,4.14,4.23,4.23,4.73,4.55,4.82,3.91
24763374,108773366,5,4.4,4.6,4.6,4.6,4.6,4.6,4.4
24763494,108773366,3,4.33,5,4,4.33,3.67,4.67,4.33
24763572,108773366,2,4,4.5,4,5,5,5,4.5
24765067,108773366,2,4.5,4.5,4.5,4.5,4.5,4.5,4.5
24765195,108773366,0,,,,,,,
24781520,15745786,0,,,,,,,
24785613,2413412,1,5,5,4,5,5,5,4
24786824,15745786,0,,,,,,,
24787083,15745786,0,,,,,,,
24835791,187757773,0,,,,,,,
24848765,22907669,0,,,,,,,
24849782,187844948,0,,,,,,,
24855606,1439258,9,4.33,4.44,4.78,4.89,4.67,4.67,4.67
24863189,52897090,52,4.17,4.44,4.13,4.67,4.58,4.23,4.21
24900530,8948251,0,,,,,,,
24919927,2413412,5,4.2,4.6,4.2,5,5,4.6,4.6
24972169,97878860,1,5,5,5,5,5,5,5
24979153,188842185,113,4.62,4.8,4.8,4.9,4.91,4.72,4.73
24984672,187856464,110,4.69,4.84,4.69,4.89,4.86,4.85,4.68
25087117,2413412,2,5,5,5,5,5,5,4
25183317,68059127,1,4,5,5,5,5,4,5
25183623,68059127,6,4.83,4.83,5,5,5,4.83,4.67
25183926,68059127,0,,,,,,,
25184205,68059127,3,4.67,5,4.67,5,5,5,4.33
25282863,24038248,103,4.73,4.77,4.77,4.74,4.75,4.2,4.73
25300648,107909050,3,4,4.67,4,5,5,4.67,4.33
25310826,519472,0,,,,,,,
25324517,1439258,3,4.33,5,5,5,5,4.33,4
25353206,8948251,1,5,5,5,5,5,5,5
25366424,24038248,85,4.84,4.82,4.75,4.93,4.84,4.33,4.78
25399038,181538046,0,,,,,,,
25402824,152646149,4,4.25,4.75,3.75,4.5,4.75,5,4
25424295,18618387,5,4.4,4.6,4.6,4.4,4.6,4.4,4.6
25432123,2413412,2,4,4.5,4,4.5,4.5,4.5,4
25435388,48751387,56,5,4.98,4.95,4.89,4.98,4.77,4.91
25440553,50262492,0,,,,,,,
25711980,156409670,1,4,3,5,5,5,5,4
25746140,24214608,0,,,,,,,
25768720,10303863,0,,,,,,,
25797887,97878860,1,4,4,5,4,4,4,4
25815030,102052937,16,4.75,4.81,4.69,4.69,4.88,4.81,4.69
25856210,189717902,0,,,,,,,
25860399,2413412,1,5,5,5,5,5,5,5
25877353,156409670,4,4,4.5,4.25,4.5,4.25,3.75,3.75
25899420,13467331,0,,,,,,,
25909373,8948251,2,4,3,3.5,4.5,5,4,4
25926356,156409670,1,5,5,5,5,5,3,4
25927281,138649185,0,,,,,,,
25953564,151316863,1,1,1,5,5,1,4,1
25963531,2413412,2,4,4,4,4.5,4.5,5,4
25985995,156409670,2,5,5,5,3,5,5,5
26018504,9293170,2,3.5,4,4.5,4.5,4,5,4
26093121,68059127,0,,,,,,,
26108482,47422706,0,,,,,,,
26183286,152646149,1,4,4,4,4,5,4,3
26199521,158923082,0,,,,,,,
26207243,138649185,0,,,,,,,
26290123,2413412,1,5,5,3,5,5,5,5
26290281,8948251,2,5,5,5,5,5,4.5,5
26293068,8948251,2,5,5,4.5,5,5,5,5
26344207,100474068,17,4.82,4.94,4.94,5,5,4.35,4.71
26369349,149873393,61,4.89,4.85,4.87,4.87,4.92,4.75,4.83
26382243,2413412,1,3,4,3,4,5,5,3
26435923,56421978,34,4.71,4.74,4.62,4.91,5,4.85,4.65
26584687,156409670,0,,,,,,,
26722862,2413412,2,3.5,3.5,2.5,4,4,4.5,3
26770254,37101162,0,,,,,,,
26791029,156409670,6,4.67,4.5,4.83,4.33,4.83,5,4.33
26822021,2413412,1,5,5,5,5,5,5,5
26965345,25185912,0,,,,,,,
27091696,2413412,3,4.33,5,4.33,5,4.33,5,4
27125463,2413412,1,5,5,5,5,5,5,5
27173843,2413412,1,5,5,5,5,5,5,5
27174440,8948251,0,,,,,,,
27306443,23466247,0,,,,,,,
27343211,119740557,0,,,,,,,
27513236,206769167,6,5,5,5,5,5,5,5
27513625,206769167,5,5,5,5,4.8,5,4.8,4.6
27581596,206769167,2,5,5,5,5,4.5,5,4.5
27603657,208287759,1,5,5,5,5,5,5,5
27804407,209952904,0,,,,,,,
27816487,156409670,1,5,5,5,5,5,5,4
27858471,201775246,1,5,4,4,5,5,5,4
27882577,201775246,1,5,4,4,4,5,4,4
28000993,138649185,1,5,5,5,5,5,5,5
28038349,211791147,0,,,,,,,
28054617,211929569,0,,,,,,,
28114931,25375339,0,,,,,,,
28115820,25375339,1,4,5,2,5,5,5,5
28116713,25375339,0,,,,,,,
28187126,81219058,0,,,,,,,
28198324,205490013,2,4,5,5,5,5,5,5
28264364,90613922,27,4.67,4.74,4.63,5,4.93,4.85,4.52
28321986,47866620,40,4.58,4.85,4.55,4.73,4.95,4.85,4.43
28369982,214191750,0,,,,,,,
28522862,2413412,1,4,4,4,4,4,5,5
28536238,155244964,24,4.5,4.63,4.75,4.88,4.71,4.75,4.54
28558831,44705593,0,,,,,,,
28649449,1439258,1,4,5,4,4,4,5,5
28700151,2413412,1,5,5,5,5,5,5,5
28724933,79389640,1,5,4,5,5,5,5,3
28772425,2413412,2,5,5,5,5,5,5,5
28788262,108773366,1,4,3,2,3,2,3,5
28789540,31146002,0,,,,,,,
28794509,108773366,22,4.18,4.64,4.18,4.82,4.77,4.73,4.5
28824676,11051997,0,,,,,,,
28998042,209260798,4,4,4.5,4,5,4.25,4.75,3.5
28998072,209260798,14,4.36,4.71,4.36,4.86,4.79,4.93,4.5
28998095,209260798,7,4.43,4.43,4.14,5,4.57,4.86,4
28998145,209260798,3,3.67,3.67,3.67,3.67,3.67,3.67,3.67
28998161,209260798,59,4.41,4.61,4.37,4.71,4.73,4.76,4.31
28998181,209260798,6,4.17,4,4,4.33,3.5,4.17,4
28998191,209260798,7,4.86,4.71,4.43,4.71,4.86,4.86,4.86
29015768,184792657,64,4.59,4.8,4.41,4.84,4.81,4.73,4.69
29020376,218722083,29,4.79,4.9,4.97,4.97,4.97,4.86,4.72
29072228,97878860,0,,,,,,,
29076794,25375339,5,4.8,4.6,4.8,4.6,4.8,5,4.8
29078458,219125762,0,,,,,,,
29180163,128465640,0,,,,,,,
29302695,220733620,42,4.98,4.93,4.98,4.93,4.95,4.88,4.88
29319213,108773366,6,4,4.33,4.33,4,4.17,4.83,4.33
29319686,108773366,2,4,5,4,5,5,5,4.5
29320487,108773366,2,4,4,3.5,5,5,5,4.5
29325647,97878860,1,4,5,4,5,5,4,4
29344002,97878860,0,,,,,,,
29355663,8948251,2,4,5,3.5,5,5,5,4.5
29355884,221154546,0,,,,,,,
29525240,138468223,2,4.5,4,4,4.5,5,4,5
29525299,138468223,5,5,5,4.2,4.8,5,5,5
29525922,138468223,0,,,,,,,
29525951,138468223,28,4.64,4.75,4.61,4.89,4.86,4.86,4.57
29526045,138468223,33,4.21,4.48,4.21,4.82,4.67,4.94,4.15
29526074,138468223,1,4,3,4,4,4,5,4
29546144,800558,0,,,,,,,
29547507,800558,2,4,4.5,4.5,5,5,3,2.5
29548114,800558,1,5,5,5,5,5,5,4
29548473,800558,2,5,5,5,5,5,5,4.5
29549880,800558,0,,,,,,,
29552115,23336011,50,4.9,4.92,4.92,4.84,4.88,4.96,4.68
29552643,23336011,89,4.83,4.84,4.87,4.83,4.96,4.97,4.79
29554536,222503871,15,4.73,4.8,4.67,4.87,4.73,5,4.6
29579499,23336011,150,4.81,4.82,4.89,4.78,4.93,4.95,4.64
29580481,23336011,27,4.89,4.89,4.89,4.89,5,5,4.85
29581373,23336011,58,4.84,4.81,4.86,4.81,4.93,4.91,4.69
29634299,97878860,0,,,,,,,
29665238,147912349,0,,,,,,,
29725544,156409670,0,,,,,,,
29768671,97878860,1,4,3,3,4,5,5,4
29977663,8948251,1,5,5,5,5,5,5,5
29996505,8948251,1,5,5,4,5,5,4,5
30017848,48307592,0,,,,,,,
30031199,68059127,0,,,,,,,
30044864,146100311,2,4,5,3.5,5,5,5,5
30046453,97878860,1,5,5,5,5,5,5,5
30058572,97878860,1,5,5,5,5,5,5,5
30234271,8948251,1,5,5,5,5,5,5,5
30274603,8689087,0,,,,,,,
30385249,221293047,8,4.5,4.88,4.88,4.75,5,5,4.13
30385261,221293047,0,,,,,,,
30385269,221293047,1,4,4,4,4,4,4,5
30385291,221293047,1,4,4,5,4,4,4,5
30385453,221293047,10,4.6,4.3,4.7,4.5,4.5,4.8,4.4
30410480,97878860,1,5,5,5,5,5,5,5
30413459,226803579,2,5,5,4,5,5,5,5
30431950,201775246,0,,,,,,,
30434753,201775246,1,3,3,3,5,5,5,3
30453430,201775246,1,5,5,5,5,5,5,5
30494592,201775246,2,5,5,5,5,5,5,5
30520209,8948251,1,5,5,5,5,5,5,5
30520904,201775246,0,,,,,,,
30543386,201775246,1,5,5,4,5,5,5,5
30570119,201775246,1,5,5,5,5,5,5,5
30578632,130088842,3,5,5,5,5,5,5,5
30650792,86514408,0,,,,,,,
30687199,20788085,110,4.93,4.95,4.91,4.99,4.99,4.89,4.8
30776617,201775246,1,4,4,3,4,5,4,5
30778537,201775246,1,4,5,5,5,5,5,5
30783602,2413412,2,5,5,5,5,5,5,5
30878734,201775246,2,5,5,4.5,5,5,4,4.5
30966211,2413412,2,5,5,5,5,5,5,5
31002918,209260798,4,4.5,5,4.5,5,5,5,4.5
31003554,159031223,120,4.84,4.89,4.9,4.86,4.85,4.63,4.72
31081282,2413412,1,5,5,5,5,5,5,5
31107843,201775246,0,,,,,,,
31112721,2413412,0,,,,,,,
31114726,23666,56,4.89,4.96,4.96,4.96,4.95,4.8,4.8
31129905,8948251,1,5,5,5,5,5,5,5
31155160,201775246,1,4,4,3,5,5,5,4
31196834,22875236,13,4.69,4.62,4.69,4.77,4.69,4.46,4.46
31201327,33096269,62,4.77,4.87,4.5,4.98,5,4.77,4.71
31218304,220733620,29,5,5,4.93,5,4.93,4.86,4.79
31219674,220733620,13,4.92,5,4.92,5,5,4.62,4.92
31275547,2413412,1,5,5,5,5,5,5,5
31276318,201775246,0,,,,,,,
31294965,36250439,0,,,,,,,
31348508,220733620,0,,,,,,,
31357872,48018398,1,5,5,5,5,5,5,4
31424549,23336011,7,4.57,5,4.86,4.29,4.71,4.57,4.71
31424940,23336011,11,4.91,4.82,5,4.64,4.73,4.82,4.73
31506096,23666,1,5,5,5,5,5,5,5
31573008,49380207,25,4.8,4.84,4.8,4.76,4.96,4.84,4.76
31580959,138649185,1,5,5,5,5,5,5,4
31604515,138649185,0,,,,,,,
31604616,138649185,0,,,,,,,
31634142,236303515,31,4.81,4.84,4.87,4.84,4.97,4.74,4.65
31658769,138649185,0,,,,,,,
31664598,236303515,7,4.71,4.86,4.86,5,5,5,4.71
31683485,10472670,0,,,,,,,
31722950,51556019,0,,,,,,,
31812483,218722083,20,4.95,5,4.95,5,5,5,4.95
31879525,6698662,0,,,,,,,
31886652,239009681,32,4.75,4.81,4.63,4.97,4.94,4.88,4.81
31959810,218722083,6,5,4.83,5,5,5,5,4.83
31960343,218722083,11,4.73,5,5,5,5,5,4.73
31960810,218722083,7,4.57,5,4.86,5,5,4.86,4.71
31965730,10463855,13,4.92,4.92,4.85,4.92,4.92,4.69,4.85
32031648,228823978,8,4.88,4.75,4.5,5,5,4.88,4.88
32035890,8948251,0,,,,,,,
32171204,201775246,2,5,5,4,5,5,5,5
32205289,237131449,31,4.45,4.55,4.29,4.55,4.48,4.35,4.74
32222890,201775246,0,,,,,,,
32295511,138649185,0,,,,,,,
32296304,109741357,8,5,5,5,5,5,5,5
32303894,97878860,1,5,5,5,5,5,5,5
32309635,101144565,1,5,5,5,5,5,5,5
32351804,239938883,1,4,5,5,5,5,5,5
32375403,47875393,0,,,,,,,
32376196,1439258,4,3.75,4,4,3.5,3.5,3.75,3.75
32394595,18618387,4,4.75,4.5,5,5,4.75,5,4.75
32488562,2413412,4,4.75,5,4,5,5,4.5,4.75
32526213,111065775,20,4.55,4.5,4.5,4.8,4.65,4.95,4.65
32530951,85597204,0,,,,,,,
32531156,85597204,0,,,,,,,
32533341,156409670,1,5,5,5,5,5,5,4
32576311,18618387,1,1,1,2,1,1,3,1
32621960,148161755,2,4.5,5,4.5,5,5,5,4
32623479,148161755,8,4.88,5,4.88,5,4.88,5,4.88
32723994,201775246,1,5,5,4,5,5,5,5
32729464,2413412,1,5,4,3,5,5,5,3
32729775,201775246,1,5,5,5,5,5,5,5
32730349,158218013,43,4.79,4.84,4.74,4.65,4.93,5,4.6
32732351,2413412,1,5,5,5,5,5,5,5
32748783,2413412,2,3.5,4,4.5,5,4,5,3.5
32777995,2413412,1,5,5,4,5,5,5,5
32778749,4029612,2,5,5,5,5,5,5,5
32818879,201775246,2,4,3,3.5,3.5,3,4.5,3.5
32821771,97878860,2,4.5,4.5,4.5,4.5,4.5,4.5,5
32822582,97878860,0,,,,,,,
32822945,2413412,1,5,5,5,5,5,5,5
32832467,8948251,1,5,5,5,5,5,5,5
32846195,2413412,6,4.83,5,4.5,5,4.83,5,5
32857394,138649185,0,,,,,,,
32873124,201775246,0,,,,,,,
32874731,8948251,1,5,5,5,5,5,5,5
32906878,156409670,4,5,5,5,5,5,5,4.75
32908981,138649185,0,,,,,,,
32949187,2413412,1,5,5,5,5,5,5,4
32949544,97878860,1,5,5,5,5,5,5,5
33028364,97950106,0,,,,,,,
33029085,97950106,0,,,,,,,
33029335,97950106,0,,,,,,,
33050985,239242652,6,5,5,5,5,5,5,4.83
33060127,156409670,1,5,5,4,5,5,4,5
33061316,156409670,0,,,,,,,
33061606,156409670,0,,,,,,,
33076582,8948251,2,5,4.5,4,5,5,5,4.5
33079469,8948251,0,,,,,,,
33081780,201775246,0,,,,,,,
33085177,138649185,0,,,,,,,
33085362,201775246,1,3,4,5,5,5,5,4
33098686,201775246,4,5,5,4.75,5,5,5,4.75
33102270,18976840,0,,,,,,,
33119907,97878860,0,,,,,,,
33147781,156409670,0,,,,,,,
33155188,201775246,0,,,,,,,
33175321,138649185,0,,,,,,,
33208103,138649185,0,,,,,,,
33208709,138649185,0,,,,,,,
33216747,2413412,2,5,5,4.5,5,5,5,5
33238214,123019323,0,,,,,,,
33282970,76435986,0,,,,,,,
33330793,97878860,1,3,3,3,5,5,5,4
33388955,42295661,80,4.74,4.84,4.73,4.79,4.83,4.73,4.63
33394388,251575641,10,4.2,4,4.4,4.5,4.1,4.2,3.7
33436577,251899721,23,4.7,4.83,4.65,4.96,4.78,4.83,4.7
33460906,252091822,8,4.88,4.88,4.38,5,5,4.88,4.88
33477122,201775246,0,,,,,,,
33490643,38934778,11,4.91,4.91,4.91,4.73,4.82,4.82,4.82
33515578,102052937,0,,,,,,,
33529803,70348098,5,4,3.8,4.4,4,3.4,4,4
33536365,24038248,33,4.76,4.85,4.73,4.88,4.82,4.21,4.73
33573944,252986758,0,,,,,,,
33596983,253172592,0,,,,,,,
33604276,42295661,67,4.67,4.7,4.73,4.85,4.88,4.76,4.51
33622349,138649185,3,4.33,5,4.33,5,4,5,4.33
33634552,42295661,68,4.68,4.79,4.75,4.82,4.88,4.72,4.49
33669171,42295661,71,4.85,4.9,4.77,4.86,4.92,4.82,4.7
33678136,146295184,0,,,,,,,
33722089,8948251,2,3.5,4,2.5,4,5,4.5,3.5
33734018,68059127,4,5,5,5,4.75,5,4.75,4.5
33748928,56421978,27,4.7,4.81,4.19,4.96,5,4.7,4.7
33792104,97878860,1,5,5,5,5,5,5,5
33815699,156409670,0,,,,,,,
35656871,238891646,0,,,,,,,
33836101,40375561,0,,,,,,,
33885738,2413412,1,4,5,3,5,5,5,5
33888989,7210103,78,4.65,4.71,4.77,4.92,4.87,4.83,4.49
33894843,156409670,0,,,,,,,
33982757,256587033,57,4.44,4.68,4.53,4.72,4.7,4.88,4.23
33999107,2413412,5,4.4,4.6,3.8,5,4.8,5,4
34010187,242433054,0,,,,,,,
34052336,238891646,2,4,3.5,5,3.5,4,3.5,3
34068805,238891646,0,,,,,,,
34071208,256587033,70,4.5,4.57,4.51,4.74,4.66,4.83,4.3
34071596,256587033,46,4.37,4.35,4.33,4.83,4.78,4.67,4.24
34071837,256587033,61,4.34,4.43,4.39,4.92,4.87,4.93,4.16
34072244,256587033,42,4.45,4.52,4.69,4.79,4.57,4.83,4.36
34073545,256587033,17,4.24,4.24,4.29,4.35,4.41,4.76,4.24
34076777,8948251,2,5,5,4.5,5,5,5,5
34082010,201775246,2,4,4,3.5,4,4.5,5,4
34186257,49380207,14,4.64,4.57,4.93,4.64,4.71,5,4.64
34236667,258477842,8,4.38,4.38,4.25,4.88,5,4.5,4.38
34243743,96718721,0,,,,,,,
34271538,8948251,0,,,,,,,
34288316,97878860,1,3,3,3,4,4,4,4
34346401,8948251,1,4,4,3,5,5,5,4
34373954,201775246,0,,,,,,,
34454047,49380207,12,4.92,4.92,5,4.75,4.92,4.75,4.83
34489654,24038248,19,4.84,4.95,4.79,4.84,4.84,4.37,4.74
34526007,42295661,46,4.78,4.8,4.72,4.83,4.96,4.76,4.74
34567114,2463394,9,4.78,4.67,4.78,4.89,5,5,4.56
34569244,44250196,2,5,5,5,5,5,5,5
34569884,44250196,8,4.5,4.63,4.38,5,4.88,4.88,4.38
34579286,42295661,46,4.85,4.72,4.87,4.87,4.98,4.89,4.8
34627895,2413412,1,5,5,5,5,5,5,5
34634297,17364350,0,,,,,,,
34654117,8948251,1,4,5,3,5,5,5,3
34675596,8948251,0,,,,,,,
34699073,201775246,0,,,,,,,
34770802,142727817,0,,,,,,,
34788406,156858505,0,,,,,,,
34790062,201775246,0,,,,,,,
34804905,256628983,10,4.2,4.4,3.9,4.6,4.6,4.6,4.3
34819352,73166292,28,4.86,4.82,4.75,4.89,4.96,4.82,4.89
34909010,2413412,0,,,,,,,
34909012,8948251,1,5,5,4,5,5,5,5
34930444,8948251,0,,,,,,,
34932388,201775246,0,,,,,,,
34949534,138649185,1,5,5,5,5,5,5,5
34950613,10823332,1,5,5,5,5,5,5,5
34964444,201775246,1,5,5,3,5,5,5,4
34990577,48307592,0,,,,,,,
35026116,2413412,1,5,5,3,5,5,5,5
35030220,34008599,0,,,,,,,
35077531,264230720,7,4.29,4.43,4.57,4.71,4.57,4.86,4.43
35077950,264230720,3,4.33,5,4,5,4.67,5,4.33
35082329,264230720,16,4.31,4.69,4.44,4.44,4.44,4.75,4.56
35102472,42295661,52,4.85,4.85,4.87,4.94,4.9,4.79,4.44
35181133,201775246,1,1,1,1,3,1,1,1
35185755,238891646,1,5,4,5,5,5,3,4
35185822,238891646,2,4.5,4,4.5,5,5,4.5,4.5
35300552,212039019,1,5,5,5,5,5,4,5
35300977,212039019,4,4.25,4.75,4.75,4.25,4.75,3.5,4.5
35302676,212039019,7,4.43,4.71,4.14,5,4.86,4.29,4.86
35328831,8948251,0,,,,,,,
35335972,212039019,1,5,5,5,5,5,5,5
35336070,212039019,2,4,4.5,5,5,5,4,4
35359778,3437228,14,4.57,4.64,4.5,4.64,4.64,4.93,4.5
35363901,238891646,1,5,5,5,5,5,5,4
35397761,212039019,1,5,5,5,5,5,5,5
35429425,25185912,0,,,,,,,
35469684,264230720,3,5,5,4.67,5,5,5,4.67
35477254,238891646,0,,,,,,,
35483332,238891646,3,4.67,4,4.33,4.33,4.33,4.67,3.33
35483354,238891646,3,4.67,5,4.67,5,5,4.67,4.33
35483358,238891646,0,,,,,,,
35505259,138649185,0,,,,,,,
35505740,156409670,0,,,,,,,
35506195,156409670,0,,,,,,,
35506661,138649185,0,,,,,,,
35628829,156409670,0,,,,,,,
35656521,238891646,0,,,,,,,
35693228,138649185,0,,,,,,,
35723337,9985120,5,5,4.8,5,5,5,4.6,5
35742330,48307592,0,,,,,,,
35747289,268906890,4,4.5,3.75,4,4.25,4.25,4,4
35818107,268906890,15,4.33,4.6,4.33,4.33,4.73,4.53,4.47
35878570,268906890,0,,,,,,,
35883311,264230720,6,4.17,4.5,4.5,5,4,4.83,4.17
35883439,264230720,6,4.17,4,4.17,3.83,4.17,4.33,4
35885309,264230720,16,4.38,4.81,4.38,4.88,4.63,4.81,4.38
35991648,236303515,27,4.89,4.93,4.96,4.96,5,4.78,4.59
36008984,156409670,1,5,5,5,5,5,5,5
36009935,238891646,2,5,5,5,5,5,5,4.5
36010500,156409670,0,,,,,,,
36013750,156409670,1,5,5,5,5,5,5,5
36016056,138649185,0,,,,,,,
36080117,252457369,2,4.5,5,4.5,4.5,5,5,4
36122224,156409670,1,5,5,5,5,5,5,5
36129690,3437228,3,5,5,5,5,5,5,5
36131561,156409670,0,,,,,,,
36156090,138649185,0,,,,,,,
36156663,138649185,1,5,5,5,5,5,5,5
36216542,184792657,33,4.58,4.61,4.42,4.79,4.82,4.61,4.7
36226718,272468399,6,5,5,5,5,5,4.67,4.83
36252767,156409670,1,5,5,5,5,5,5,5
36264042,33096269,37,4.62,4.78,4.19,4.92,4.76,4.65,4.65
36285087,33096269,23,4.74,4.91,4.52,4.83,4.87,4.78,4.78
36285346,156409670,1,5,4,4,5,4,5,3
36324726,138649185,0,,,,,,,
36325967,43228625,2,4,3.5,3.5,4,4,4,4
36333873,138649185,0,,,,,,,
36354920,25185912,1,5,5,5,5,5,5,5
36490863,74074683,0,,,,,,,
36530311,8948251,1,3,3,3,4,4,4,4
36570785,137302887,10,5,5,5,5,5,5,5
36618900,264230720,6,4,3.83,3.67,3.83,3.33,4.17,3.83
36652759,5654051,0,,,,,,,
36681333,2235699,0,,,,,,,
36760495,276304273,28,4.96,5,4.79,5,5,4.93,4.93
36785495,252457369,0,,,,,,,
36808814,56421978,17,5,4.82,4.65,4.71,4.94,4.88,4.88
36852543,156409670,1,5,5,5,5,5,5,5
36983957,238891646,0,,,,,,,
36989732,6157422,3,5,5,5,5,5,5,5
37047668,28266894,0,,,,,,,
37111118,1439258,4,4.75,4.5,4.25,5,5,4.75,4.75
37141391,247935411,1,4,4,4,4,5,5,5
37169326,101063459,2,5,5,5,5,5,5,5
37219959,2413412,1,2,2,3,4,3,5,3
37219965,8948251,1,3,4,2,5,5,4,4
37219969,201775246,0,,,,,,,
37219971,97878860,2,5,5,4.5,5,5,5,5
37234668,138649185,0,,,,,,,
37236875,101063459,0,,,,,,,
37257081,101063459,1,5,5,5,5,5,5,5
37299191,238891646,0,,,,,,,
37312985,138649185,1,5,5,5,5,5,5,5
37313724,156409670,1,5,4,5,5,5,5,4
37314737,138649185,0,,,,,,,
37334803,238891646,2,5,4.5,4.5,4.5,5,4.5,4.5
37419221,282120323,4,4,3.75,3.25,5,4.75,4.75,4
37444884,201775246,0,,,,,,,
37484436,225705538,69,4.38,4.59,4.36,4.62,4.68,4.72,4.38
37538230,283510163,0,,,,,,,
37551948,283510163,0,,,,,,,
37554967,87731750,1,4,5,4,5,5,5,5
37576690,87731750,0,,,,,,,
37581097,87731750,0,,,,,,,
37586357,8948251,0,,,,,,,
37587133,238891646,1,5,5,5,5,5,4,5
37605217,2413412,1,5,5,5,5,5,5,5
37622335,87731750,0,,,,,,,
37646663,138649185,0,,,,,,,
37647172,156409670,2,4.5,4.5,5,4,4.5,5,4.5
37648135,138649185,0,,,,,,,
37794307,201775246,0,,,,,,,
37825175,180974037,0,,,,,,,
37905248,2413412,1,5,5,5,5,5,5,5
37916346,287240181,119,4.57,4.48,4.57,4.76,4.63,4.71,4.33
37924217,108773366,0,,,,,,,
37947662,243474450,1,5,5,5,5,5,5,5
37958355,138649185,0,,,,,,,
37981411,108773366,1,4,5,4,5,5,5,5
37981670,108773366,0,,,,,,,
37981883,108773366,0,,,,,,,
37982840,108773366,0,,,,,,,
37983056,108773366,0,,,,,,,
37984003,108773366,3,5,5,4.67,5,5,3.67,4.67
37984348,108773366,0,,,,,,,
37984441,108773366,0,,,,,,,
37984524,108773366,2,4.5,4.5,4,5,5,4.5,4.5
37986704,108773366,0,,,,,,,
37999599,287240181,192,4.7,4.66,4.64,4.81,4.74,4.79,4.61
38005247,8948251,1,5,5,4,5,5,4,4
38007330,151196270,0,,,,,,,
38026889,148161755,21,4.86,4.9,4.95,4.86,4.95,5,4.81
38033643,138649185,0,,,,,,,
38034121,156409670,0,,,,,,,
38035489,8948251,1,5,5,5,5,5,5,5
38056679,122219616,1,5,5,5,5,5,5,5
38057160,122219616,0,,,,,,,
38134989,287240181,271,4.66,4.6,4.65,4.83,4.8,4.69,4.49
38136195,148161755,5,4.8,4.8,5,4.8,4.8,4.8,4.6
38171044,138649185,0,,,,,,,
38305984,291243757,1,5,5,5,5,5,5,5
38307308,291243757,0,,,,,,,
38307486,47298338,0,,,,,,,
38308020,100661714,14,4.29,4.57,4.07,4.5,4.36,4.07,4.29
38332556,238891646,0,,,,,,,
38337287,22273315,0,,,,,,,
38388737,292133113,21,4.76,4.95,4.81,4.95,4.86,4.9,4.81
38399837,275261096,4,4,4.25,4.25,5,5,5,5
38417543,292768368,26,4.81,4.92,4.92,4.96,4.96,4.5,4.77
38417844,102027164,0,,,,,,,
38478522,201775246,0,,,,,,,
38498535,239242652,0,,,,,,,
38523541,43228625,1,5,5,5,5,5,5,5
38526126,238891646,0,,,,,,,
38530815,2413412,1,3,4,3,2,5,5,4
38639800,2413412,1,5,5,5,5,5,5,5
38788624,293824596,1,5,5,5,5,5,5,5
38824582,45661681,0,,,,,,,
38824684,45661681,0,,,,,,,
38835146,156409670,0,,,,,,,
38837741,138649185,0,,,,,,,
38910295,201775246,1,3,4,2,5,5,4,4
38914093,292133113,26,4.42,4.5,4.62,4.88,4.77,4.73,4.5
38915453,138649185,0,,,,,,,
38915787,156409670,0,,,,,,,
38916143,292133113,120,4.43,4.43,4.43,4.73,4.7,4.68,4.4
38935611,8948251,3,5,4.67,4.67,5,4.67,5,5
38939902,292133113,65,4.23,4.46,4.26,4.8,4.68,4.75,4.23
38951604,20715591,3,5,4.33,5,4.67,5,5,4.67
38965851,20715591,6,4.67,4.67,4.33,4.5,4.67,5,4.5
38986386,292133113,7,4.29,4.43,4.57,4.29,4.29,4.71,4.29
38986709,292133113,22,4.45,4.45,4.73,4.77,4.64,4.59,4.41
38987390,292133113,12,4.08,4.33,4.33,4.58,4.67,4.75,4
39014250,292133113,13,4.38,4.31,4.46,4.85,4.46,4.77,4.46
39014610,292133113,23,4.61,4.7,4.48,4.7,4.65,4.61,4.13
39115031,201775246,1,5,5,5,5,5,5,5
39119402,222503871,1,4,5,4,5,5,5,5
39119415,222503871,0,,,,,,,
39155845,3951127,0,,,,,,,
39158146,129356836,4,4.5,4.25,3.75,4.25,4.5,4.5,4.5
39212348,138649185,0,,,,,,,
39212874,101145755,4,4.25,4,4,4.25,4.25,3.75,4.25
39214180,156409670,0,,,,,,,
39293936,263039672,8,5,5,4.88,5,5,5,5
39325093,16193608,1,5,5,4,5,5,5,5
39326791,48307592,0,,,,,,,
39338786,287240181,49,4.53,4.53,4.55,4.69,4.59,4.57,4.37
39345579,97878860,0,,,,,,,
39380253,2413412,1,5,5,5,5,5,5,5
39401038,138649185,1,5,5,5,5,5,5,4
39401945,156409670,0,,,,,,,
39403510,138649185,0,,,,,,,
39404193,156409670,0,,,,,,,
39404728,138649185,0,,,,,,,
39404880,138649185,0,,,,,,,
39405623,138649185,0,,,,,,,
39406103,156409670,0,,,,,,,
39406586,156409670,0,,,,,,,
39424914,302831055,0,,,,,,,
39427290,234899793,0,,,,,,,
39451138,41383223,2,5,5,5,5,5,4.5,4.5
39451764,2413412,1,5,5,5,5,5,5,5
39488084,8948251,2,4,3.5,3,5,2.5,5,4
39589304,292133113,68,4.69,4.72,4.74,4.87,4.85,4.87,4.62
39603119,100661714,3,4.33,4.33,3.33,5,5,5,5
39612598,8948251,1,5,5,4,5,5,5,4
39638066,2413412,4,4.5,4.5,4,4.25,4.5,4,4.5
39641124,267763952,4,4.75,4.25,4.5,4.5,4.5,4.25,4
39641335,267763952,0,,,,,,,
39641470,267763952,3,4.67,4.67,4.67,4.67,5,4.67,4
39641568,267763952,60,4.9,4.82,4.8,4.87,4.93,4.72,4.48
39653480,97878860,0,,,,,,,
39657837,1563123,3,5,5,5,5,5,5,5
39679521,65982503,2,5,5,5,5,5,5,5
39689162,13468566,7,5,5,4.86,5,5,5,4.71
39732502,25672695,1,5,5,5,5,5,5,5
39759499,305617112,0,,,,,,,
39811470,226861436,0,,,,,,,
39822559,8948251,1,5,5,5,5,5,5,5
39885622,70645508,0,,,,,,,
40043690,138649185,0,,,,,,,
40048607,9410772,4,5,5,5,5,5,5,5
40072058,1280862,9,4.44,4.33,4.22,4.67,4.44,4.56,4.56
40149431,176867619,0,,,,,,,
40185785,138649185,0,,,,,,,
40198092,3989090,16,5,5,4.94,5,5,4.69,4.94
40211954,8948251,1,5,5,4,5,5,5,5
40213569,310302453,4,4.75,4.75,4.5,4.75,4.75,5,4.75
40226189,97878860,2,5,5,4.5,5,5,5,5
40267527,65960122,25,4.64,4.52,4.24,4.68,4.8,4.76,4.68
40267722,65960122,20,4.95,4.95,4.6,4.9,4.85,4.9,4.9
40294463,311294849,0,,,,,,,
40313848,156409670,0,,,,,,,
40314515,156409670,0,,,,,,,
40315763,201775246,1,5,5,5,5,5,5,5
40321693,1280862,0,,,,,,,
40336951,28551332,0,,,,,,,
40354419,138649185,0,,,,,,,
40354655,156409670,0,,,,,,,
40361907,33096269,9,4.22,4.33,3.78,4.56,4.67,4.56,4.33
40382084,156409670,0,,,,,,,
40384948,80852936,0,,,,,,,
40456301,313008662,7,4.29,4.14,3.71,4.71,4.43,4.57,4.43
40479903,247582320,0,,,,,,,
40509365,160703921,0,,,,,,,
40516462,16689899,1,5,5,5,5,5,5,5
40551114,97878860,0,,,,,,,
40567661,2413412,0,,,,,,,
40597192,101145755,0,,,,,,,
40597586,212039019,0,,,,,,,
40605925,238891646,0,,,,,,,
40634584,4276812,0,,,,,,,
40641448,101145755,6,4.5,4.67,4.67,5,5,4.17,4.5
40642051,97878860,1,4,5,4,5,5,5,4
40642810,101145755,3,3.67,5,4.67,4.67,5,4.33,4
40663631,216142283,3,5,5,5,5,5,4,5
40681844,101145755,3,4.67,3.67,5,4.33,4.67,3.67,4.67
40687175,11782171,0,,,,,,,
40690201,13468566,9,4.89,4.56,5,5,5,5,4.67
40708485,101145755,11,4.27,4.45,4.18,4.55,4.45,3.55,4.18
40712481,238891646,0,,,,,,,
40712903,229224555,3,4.67,5,4.33,5,4.67,4.67,4
40715608,101145755,0,,,,,,,
40736423,148161755,5,4.6,4.6,5,4.6,4.6,5,4.2
40736566,148161755,2,5,5,5,5,5,5,5
40748133,101145755,0,,,,,,,
40765359,101145755,5,4.2,4.6,4,4.6,3.8,3.4,3.6
40769351,2413412,3,5,4.67,4.67,4.67,4.67,4.67,4.67
40809878,101145755,2,4,3.5,4.5,3.5,4.5,3.5,4.5
40816592,177788419,3,4.33,4.67,3.67,5,5,5,4.33
40831251,48307592,0,,,,,,,
40833390,290685432,2,4.5,5,5,4,5,4.5,4
40849480,50960671,0,,,,,,,
40850159,50960671,0,,,,,,,
40855337,300415759,16,4.63,4.88,4.69,4.81,4.88,4.81,4.44
40856084,156409670,0,,,,,,,
40862235,308226874,1,2,2,2,4,4,3,2
40875632,148161755,4,5,5,5,5,5,4.75,4.75
40881888,300415759,25,4.68,4.72,4.72,4.92,4.88,4.8,4.56
40888220,9410772,0,,,,,,,
40901829,50960671,0,,,,,,,
40902252,65982503,0,,,,,,,
40904017,101145755,20,4.85,4.8,4.75,4.9,4.9,4.1,4.75
40904264,50960671,0,,,,,,,
40904925,50960671,2,4.5,5,4.5,5,4.5,5,4
40905313,50960671,0,,,,,,,
40905639,50960671,0,,,,,,,
40909907,300415759,30,4.87,4.83,4.77,4.93,4.93,4.7,4.53
40930074,148161755,0,,,,,,,
40933623,18618387,2,5,5,5,5,5,5,4.5
40941821,300415759,12,4.92,4.92,4.75,5,5,4.67,4.83
40953263,138649185,0,,,,,,,
40966161,18618387,3,5,4.67,4.67,5,5,4.67,5
40974119,228823978,1,5,5,5,5,5,5,5
40974312,24745738,0,,,,,,,
40974363,1439258,3,3.67,4.33,4,3.67,3.67,4.67,4.67
40974569,1439258,2,5,5,4.5,5,5,4.5,5
40975409,1439258,2,3.5,3.5,4.5,4.5,4.5,3,3.5
40975518,1439258,0,,,,,,,
40975603,1439258,7,4.71,4.71,4.71,4.86,4.86,4.71,4.71
40975736,1439258,6,4.67,4.67,4.5,4.5,4.5,4.5,4.67
40983826,319617044,0,,,,,,,
41014661,101145755,18,3.94,4,4.56,4.56,4.17,3.61,3.94
41014693,101145755,2,4,4.5,4.5,5,3,3,4
41032597,319117748,10,5,4.9,4.7,5,4.9,5,4.8
41032819,148161755,21,4.9,5,5,4.9,4.9,4.9,4.86
41032965,319117748,1,5,5,5,5,5,5,4
41033189,148161755,9,4.89,4.89,5,5,4.89,4.89,4.67
41069184,101145755,1,5,5,5,5,5,5,5
41070234,148161755,8,4.63,4.38,4.75,4.25,4.63,5,4.38
41087343,18722224,0,,,,,,,
41089548,138649185,1,5,5,5,5,5,5,4
41090834,1439258,1,5,4,5,5,5,4,5
41090879,1439258,4,4,4.25,4.75,4.75,4.75,4,4.5
41091240,1439258,4,3.75,3.75,3.5,3.5,4.75,3.75,4.25
41091895,1439258,3,4,4.33,5,5,5,4.67,4.33
41116039,1439258,0,,,,,,,
41116137,1439258,7,3.29,3.57,3.71,3.43,2.86,4.43,4.14
41116342,1439258,15,4.47,4.4,4.4,4.87,4.67,4.2,4.6
41117291,1439258,9,4.67,4.78,4.67,5,4.89,4.56,4.56
41120765,65960122,24,4.83,4.58,4.58,4.75,4.88,4.71,4.58
41125664,321839847,1,5,5,4,5,5,5,5
41158163,135298846,1,5,5,5,5,5,5,5
41159508,46515276,0,,,,,,,
41160357,46515276,1,5,4,5,5,5,5,5
41169873,82232029,0,,,,,,,
41202185,104729824,0,,,,,,,
41214546,97878860,2,5,4.5,4.5,5,5,5,5
41299496,2413412,1,5,5,5,5,5,5,5
41303291,201775246,0,,,,,,,
41307190,243083479,0,,,,,,,
41323209,2413412,3,5,5,5,5,5,5,5
41388877,97878860,1,5,5,5,5,5,5,5
41419891,156409670,0,,,,,,,
41439350,151316863,7,4.57,4.71,4.14,4,4.71,4.71,4.57
41439736,326090835,9,4.22,4.11,4.56,4.22,4,4.56,4
41450369,23054922,2,5,5,5,5,5,5,5
41460941,326090835,5,4.4,4,4.6,4.2,4,4.8,4.2
41467431,312575080,0,,,,,,,
41476885,326090835,2,4,3,4.5,5,3,4,4
41481981,109741357,92,4.89,4.92,4.8,4.88,4.92,4.67,4.7
41482560,109741357,100,4.95,4.93,4.89,4.97,4.99,4.71,4.86
41566195,2413412,1,5,5,5,5,5,5,5
41568582,138649185,1,5,5,5,5,5,5,5
41570615,326217063,7,4.57,5,4.86,5,5,4.43,4.57
41610819,328063878,0,,,,,,,
41626102,238891646,0,,,,,,,
41650236,238891646,0,,,,,,,
41652432,306042905,0,,,,,,,
41703280,156409670,0,,,,,,,
41753013,148161755,1,4,4,4,4,4,4,4
41777146,330072721,0,,,,,,,
41848009,105253694,0,,,,,,,
41889066,1439258,1,4,4,5,3,1,4,3
41942466,265978206,0,,,,,,,
41948477,97878860,0,,,,,,,
41994916,332603122,0,,,,,,,
42011728,332871273,0,,,,,,,
42079535,333673909,242,4.4,4.36,4.37,4.64,4.73,4.67,4.26
42079889,333673909,72,4.46,4.5,4.46,4.5,4.74,4.85,4.38
42081657,333673909,354,4.45,4.49,4.46,4.6,4.74,4.76,4.37
42084241,333718073,0,,,,,,,
42085924,9899270,0,,,,,,,
42104353,319117748,0,,,,,,,
42104603,319117748,1,5,5,5,5,5,5,5
42124141,329805371,0,,,,,,,
42144452,8948251,1,5,5,5,5,5,5,5
42184804,326090835,0,,,,,,,
42186946,97878860,0,,,,,,,
42190445,201775246,1,5,5,5,5,5,5,5
42214291,156409670,0,,,,,,,
42238629,138649185,0,,,,,,,
42239864,96718721,0,,,,,,,
42240675,96718721,0,,,,,,,
42259371,138649185,0,,,,,,,
42301284,156409670,0,,,,,,,
42301881,156409670,1,4,4,5,2,5,5,4
42337015,225641992,2,5,5,5,5,5,5,5
42337552,225641992,1,5,5,5,5,5,5,5
42337799,225641992,4,4.75,4.75,4.75,4.75,4.75,5,4.75
42338112,225641992,0,,,,,,,
42417293,238195069,238,4.75,4.75,4.72,4.73,4.8,4.78,4.63
42418964,86408835,0,,,,,,,
42464072,138649185,0,,,,,,,
42545364,2351356,6,4.67,4.67,4.67,4.67,4.67,4.83,4.5
42545850,2351356,9,5,5,4.89,4.89,5,4.89,5
42555321,329787478,2,4.5,4.5,5,5,3,4.5,4.5
42555446,329787478,1,4,4,5,4,4,5,5
42555518,329787478,0,,,,,,,
42555592,329787478,7,4.29,4,4.14,4.43,3.86,4.43,4
42555640,329787478,6,4.5,4.33,4.67,4.5,3.33,4.67,4
42588720,32232191,11,5,5,5,5,5,5,5
42654230,156409670,0,,,,,,,
42672097,291243757,0,,,,,,,
42678905,339960551,0,,,,,,,
42693235,97878860,0,,,,,,,
42696868,194085596,27,4.96,4.96,4.85,5,5,4.81,4.89
42697304,194085596,5,5,5,4.8,5,5,5,4.8
42700800,156409670,0,,,,,,,
42750393,194085596,1,5,5,5,5,5,5,5
42752743,2413412,1,4,5,4,5,5,5,5
42753075,201775246,1,5,5,5,5,5,5,5
42780473,340721492,0,,,,,,,
42796548,101145755,6,4,3.83,4.17,4.17,4.17,3.83,4
42804408,8527085,20,4.75,4.45,4.85,4.25,4.5,4.9,4.7
42813500,340996484,0,,,,,,,
42867108,108773366,0,,,,,,,
42872451,201775246,1,5,5,5,5,5,5,5
42882253,252274843,0,,,,,,,
42885763,337654877,55,4.47,4.44,4.55,4.38,4.62,4.49,4.33
42885911,337654877,123,4.54,4.67,4.5,4.47,4.66,4.7,4.55
42886241,156409670,0,,,,,,,
42913012,11463785,1,5,5,5,5,5,5,5
42932845,156409670,0,,,,,,,
42945709,156409670,0,,,,,,,
42946035,156409670,0,,,,,,,
42946226,156409670,0,,,,,,,
42983733,238891646,2,4.5,4.5,4.5,5,5,5,4.5
43006583,156409670,0,,,,,,,
43041408,9027051,0,,,,,,,
43054633,342715797,0,,,,,,,
43064371,138649185,0,,,,,,,
43080765,8948251,0,,,,,,,
43089999,252274843,4,4,3.5,3.5,3.75,3.5,4,3.25
43107491,138649185,0,,,,,,,
43108706,97878860,1,4,3,3,5,5,4,2
43112898,2413412,1,5,5,5,5,5,5,5
43120435,156409670,0,,,,,,,
43129509,138649185,0,,,,,,,
43129915,138649185,0,,,,,,,
43143215,55844797,2,5,5,5,5,5,5,5
43145924,138649185,0,,,,,,,
43177325,216737476,16,4.88,4.75,4.81,4.94,4.88,4.88,4.81
43183219,156409670,1,5,5,5,5,5,5,4
43201568,7523836,0,,,,,,,
43201738,7523836,0,,,,,,,
43201822,7523836,0,,,,,,,
43249498,17056252,0,,,,,,,
43313632,344918208,0,,,,,,,
43313813,155244964,9,5,5,5,5,5,5,4.89
43336673,345145418,148,4.74,4.8,4.75,4.76,4.86,4.81,4.71
43337094,345145978,286,4.81,4.82,4.77,4.73,4.84,4.82,4.7
43344101,69886637,0,,,,,,,
43354292,68059127,3,5,5,5,5,5,5,5
43354914,68059127,3,5,5,5,5,5,5,5
43355016,68059127,1,5,5,5,5,5,5,5
43358921,68059127,2,5,5,5,5,5,5,5
43359021,24496358,1,5,5,5,5,5,5,5
43359087,24496358,1,4,4,4,4,5,4,4
43359359,24496358,2,5,5,5,5,5,4,4.5
43359426,24496358,2,4.5,4.5,4.5,5,5,5,4.5
43379651,345606220,118,4.92,4.93,4.89,4.9,4.91,4.86,4.85
43379899,345606220,36,4.75,4.78,4.78,4.72,4.83,4.72,4.64
43393378,300415759,18,4.94,4.89,4.89,4.94,5,4.83,4.72
43406519,345911177,0,,,,,,,
43407835,345920332,102,4.76,4.74,4.69,4.73,4.87,4.84,4.73
43408005,345920332,20,4.1,4.25,4.1,4.4,4.4,4.55,4.1
43414572,345911177,0,,,,,,,
43424855,346107846,0,,,,,,,
43479862,128366539,0,,,,,,,
43481271,68059127,0,,,,,,,
43481361,24496358,0,,,,,,,
43492077,68059127,0,,,,,,,
43492196,68059127,7,5,4.86,4.86,5,4.86,5,4.86
43493044,24496358,2,5,5,4.5,5,5,5,5
43493128,24496358,0,,,,,,,
43542472,194085596,14,4.64,4.5,4.86,4.93,4.86,4.79,4.57
43584129,8948251,0,,,,,,,
43629592,9899270,22,4.95,4.91,4.95,5,5,4.95,4.91
43649078,348548532,82,4.66,4.74,4.68,4.55,4.77,4.82,4.57
43706347,238891646,0,,,,,,,
43709414,138649185,0,,,,,,,
43711437,54426723,0,,,,,,,
43723774,9899270,0,,,,,,,
43922476,15257023,2,5,5,5,5,4.5,5,4.5
43947546,59100262,0,,,,,,,
44042639,201775246,0,,,,,,,
44069414,9899270,1,5,5,5,5,5,5,5
44090296,138649185,0,,,,,,,
44091450,156409670,0,,,,,,,
44255450,163103462,0,,,,,,,
44283744,55844797,8,4.75,4.75,5,4.63,4.75,4.63,4.38
44294078,18722224,0,,,,,,,
44323246,50100418,0,,,,,,,
44407293,35636334,0,,,,,,,
44420536,223971227,138,4.47,4.48,4.42,4.48,4.63,4.81,4.36
44525671,138649185,0,,,,,,,
44599757,10270395,0,,,,,,,
44626865,55844797,1,5,5,5,5,5,5,5
45005221,8948251,1,5,5,5,5,5,5,5
45065184,28801530,0,,,,,,,
45131086,55844797,3,4.33,4.67,5,4.67,4,5,4.67
45280147,138649185,0,,,,,,,
45319306,238891646,0,,,,,,,
45440615,73457822,6,4.83,4.67,4.83,4.83,4.67,4.83,4.67
45474953,238891646,1,4,4,4,4,4,4,4
45524524,138649185,0,,,,,,,
45626850,238891646,0,,,,,,,
45678654,151196270,0,,,,,,,
45679326,151196270,0,,,,,,,
45680876,201775246,1,5,5,5,5,5,5,5
45705715,238891646,0,,,,,,,
45749682,32095639,0,,,,,,,
45774683,151196270,0,,,,,,,
45777993,138649185,0,,,,,,,
45778518,138649185,1,2,2,1,3,2,4,2
45779393,138649185,2,5,5,5,5,5,5,5
45781348,43009711,0,,,,,,,
45803322,366300043,0,,,,,,,
45803343,366300043,0,,,,,,,
45835431,135298846,0,,,,,,,
45855332,156409670,0,,,,,,,
45871999,135298846,1,5,5,5,5,5,5,5
45891734,18116565,0,,,,,,,
45902566,372124974,1,5,5,5,5,5,5,5
45918725,156409670,0,,,,,,,
45948749,156409670,0,,,,,,,
45949989,156409670,0,,,,,,,
45960413,372124974,0,,,,,,,
45961316,372124974,3,5,4.67,5,5,5,4.67,4
45961358,372124974,1,5,5,5,5,5,5,5
45962405,372124974,0,,,,,,,
45962495,372124974,0,,,,,,,
45962749,372124974,2,5,5,5,5,5,5,4.5
45962895,372124974,2,5,5,5,5,5,5,5
45963002,372124974,0,,,,,,,
45963685,31975096,4,5,5,4.75,5,5,5,4.5
46000906,238891646,0,,,,,,,
46028608,156409670,0,,,,,,,
46057282,373313984,1,5,5,5,5,5,4,5
46057773,373313984,2,5,5,5,5,5,5,5
46057791,373313984,2,4.5,4.5,5,4,2.5,4.5,3.5
46073890,373313984,8,4.25,4.63,4.38,4.75,4.5,4.38,4
46075495,373313984,1,5,5,4,5,5,5,4
46096669,9748143,8,4.63,4.75,4.25,4.88,5,5,4.63
46108799,373313984,1,5,5,5,3,5,4,5
46114490,2413412,0,,,,,,,
46144509,345145978,16,4.81,4.88,4.56,4.69,4.75,4.75,4.44
46144841,238195069,7,4.43,4.43,4.29,4.14,4.14,4.29,4.29
46145057,345145418,6,5,4.67,5,4.83,4.83,4.83,4.67
46178304,374090763,0,,,,,,,
46321781,138649185,0,,,,,,,
46322024,9624622,11,4.73,4.91,4.55,4.91,4.91,4.73,4.64
46388294,156409670,0,,,,,,,
46401004,364340327,0,,,,,,,
46456107,250308470,0,,,,,,,
46473348,36256278,0,,,,,,,
46474181,36256278,3,5,4.67,5,5,4.67,5,4.67
46475439,36256278,3,4.67,4,4.67,5,5,5,4.67
46475535,36256278,7,4.86,4.86,4.71,4.86,4.86,5,4.57
46475821,36256278,3,5,5,4.67,5,5,5,4.67
46475943,36256278,4,5,5,4.75,5,4.75,5,4.5
46476119,36256278,0,,,,,,,
46476300,36256278,0,,,,,,,
46476407,36256278,0,,,,,,,
46491972,33096269,7,4.29,4.86,3.71,5,5,4.71,4.57
46589101,238891646,0,,,,,,,
46589304,376693750,0,,,,,,,
46590239,376700307,0,,,,,,,
46590765,376700307,0,,,,,,,
46591065,376700307,0,,,,,,,
46605955,376700307,0,,,,,,,
46606151,376700307,0,,,,,,,
46606472,376700307,0,,,,,,,
46669109,238891646,1,4,4,5,5,5,5,4
46684451,156409670,0,,,,,,,
46685647,156409670,0,,,,,,,
46686166,138649185,8,4.88,4.75,4.88,4.38,4.75,5,4.63
46686341,156409670,5,3.6,3.8,4.6,4.2,4.4,4.2,4.2
46698429,138649185,2,5,4.5,4.5,4,5,4.5,4.5
46698961,138649185,1,4,5,3,5,5,5,4
46783606,151196270,0,,,,,,,
46803536,8978331,0,,,,,,,
46884510,151196270,0,,,,,,,
46933172,238891646,0,,,,,,,
46973148,238891646,0,,,,,,,
47060269,97878860,0,,,,,,,
47083110,151196270,0,,,,,,,
47124048,8978331,0,,,,,,,
47188396,55844797,1,5,5,5,5,5,5,5
47295315,337647595,71,4.83,4.87,4.84,4.91,4.94,4.74,4.57
47295571,337425554,1,5,5,5,5,5,5,5
47295577,337647595,18,4.83,4.83,4.83,4.89,4.94,4.78,4.72
47295777,337647595,10,4.8,4.9,4.6,4.8,4.8,4.7,4.5
47296644,337647595,20,4.85,4.9,4.8,4.9,5,4.8,4.6
47296851,337647595,25,4.52,4.48,4.4,4.72,4.72,4.56,4.24
47326826,156409670,0,,,,,,,
47460138,201775246,1,3,3,3,5,5,5,3
47477733,2413412,1,5,5,5,5,5,5,5
47555385,44321809,3,4.67,4.67,4.33,5,5,4.67,4.67
47736858,138649185,0,,,,,,,
47774321,8978331,0,,,,,,,
47775611,156409670,0,,,,,,,
47778000,156409670,0,,,,,,,
47789812,238891646,0,,,,,,,
47819395,238891646,0,,,,,,,
47838915,138649185,0,,,,,,,
47893438,178726014,0,,,,,,,
47911042,348556619,131,4.61,4.55,4.63,4.57,4.64,4.65,4.44
47911419,348556619,15,4.47,4,4.13,3.87,4.4,4.13,4.13
47912630,386195881,133,4.51,4.57,4.47,4.51,4.68,4.65,4.34
47912877,386195881,78,4.59,4.54,4.42,4.53,4.72,4.6,4.27
47927795,66406177,0,,,,,,,
47927882,66406177,3,5,5,5,5,5,5,4.67
47931824,238891646,0,,,,,,,
47945468,299971996,908,4.75,4.82,4.74,4.72,4.85,4.9,4.62
47945578,299971996,14,4.36,4.71,4.93,4.21,4.14,4.86,4.36
47945703,299971996,52,4.79,4.79,4.77,4.67,4.77,4.94,4.46
47945986,299971996,30,4.6,4.63,4.47,4.73,4.93,4.97,4.37
48007776,340446929,0,,,,,,,
48019222,223971227,492,4.74,4.82,4.61,4.79,4.88,4.95,4.63
48019325,223971227,47,4.79,4.83,4.7,4.78,4.96,4.98,4.57
48019417,223971227,88,4.73,4.8,4.56,4.68,4.9,4.93,4.56
48019515,223971227,47,4.72,4.83,4.64,4.53,4.77,4.89,4.64
48033280,328013026,231,4.45,4.58,4.28,4.51,4.7,4.75,4.34
48033351,328013026,617,4.46,4.54,4.38,4.65,4.72,4.69,4.42
48033436,328013026,117,4.39,4.55,4.38,4.5,4.74,4.74,4.36
48034619,138649185,0,,,,,,,
48082868,238891646,0,,,,,,,
48085243,238891646,0,,,,,,,
48098802,8978331,2,4.5,4.5,4,5,5,5,4.5
48113748,151196270,0,,,,,,,
48127824,138649185,1,5,5,5,5,5,5,5
48141144,138649185,0,,,,,,,
48153394,138649185,0,,,,,,,
48176330,138649185,4,4.5,4.5,5,4.75,4.5,4.75,4.25
48191140,138649185,0,,,,,,,
48246660,211943606,4,5,4.75,4.75,4.75,4.75,4.5,4.75
48261012,55844797,1,5,5,5,5,5,5,5
48264716,55844797,1,5,5,5,5,5,5,4
48265114,55844797,5,4.8,4.8,5,5,5,4.8,4.8
48265411,55844797,3,4.67,4,4.67,5,5,5,3.67
48286216,225641992,0,,,,,,,
48313505,23874147,7,4.86,5,4.86,5,5,4.71,4.86
48510579,148161755,1,5,5,5,5,5,5,5
48531484,148161755,0,,,,,,,
48531971,138649185,2,5,5,5,5,5,5,4.5
48613065,256587033,6,4,4.67,4.17,4.5,4.33,4.67,3.83
48688017,206769167,0,,,,,,,
48743492,256587033,3,4,4.33,4.33,4.67,5,4,4
49048346,299971996,161,4.61,4.66,4.6,4.58,4.77,4.87,4.49
49048569,299971996,65,4.71,4.77,4.75,4.6,4.8,4.95,4.45
49081728,328368210,0,,,,,,,
49082170,328368210,0,,,,,,,
49082424,328368210,0,,,,,,,
49082585,328368210,0,,,,,,,
49083516,328368210,0,,,,,,,
49083651,328368210,0,,,,,,,
49087160,97878860,0,,,,,,,
49099456,238891646,0,,,,,,,
49099810,386195881,113,4.54,4.55,4.42,4.42,4.71,4.78,4.52
49100433,348556619,98,4.69,4.67,4.7,4.79,4.82,4.8,4.51
49133042,7210103,65,4.23,4.46,4.12,4.38,4.11,4.72,4.22
49209267,199928502,1,5,5,5,5,5,5,5
49408255,398516085,0,,,,,,,
49428269,2413412,0,,,,,,,
49445304,300765938,0,,,,,,,
49535860,55844797,1,5,5,5,5,5,5,4
49577387,270498230,4,4.5,4.5,4,5,5,4.75,5
49597391,342075612,0,,,,,,,
49693917,8978331,0,,,,,,,
49863210,6267838,0,,,,,,,
49863259,23336011,99,4.79,4.82,4.89,4.66,4.9,4.96,4.7
49893407,156409670,0,,,,,,,
49896709,156409670,0,,,,,,,
49937277,138649185,0,,,,,,,
49939967,156409670,0,,,,,,,
49951302,209260798,13,4.54,4.62,4.31,5,4.92,4.92,4.69
50216740,285654777,0,,,,,,,
50220613,138649185,0,,,,,,,
50229786,300765938,0,,,,,,,
50253816,151196270,0,,,,,,,
50255816,135616667,0,,,,,,,
50278378,156409670,2,5,5,5,5,5,5,5
50294480,108476315,6,4.67,4.5,4.5,4.5,4.5,4.83,4.67
50333798,56421978,4,5,4.75,4.5,5,5,5,5
50340792,2413412,0,,,,,,,
50402384,2413412,0,,,,,,,
50404949,7210103,13,4,4.15,3.77,4.31,4.23,4.38,3.85
50433019,367322686,14,5,4.93,4.86,5,5,4.93,5
50476069,1439258,0,,,,,,,
50492656,2413412,1,5,5,5,5,5,5,5
50493423,138649185,0,,,,,,,
50537862,156409670,0,,,,,,,
50538895,156409670,0,,,,,,,
50562391,8978331,1,5,5,5,5,5,5,5
50577215,151196270,0,,,,,,,
50707898,148161755,1,5,5,5,5,5,5,5
50708702,148161755,4,5,5,5,5,5,5,4.75
50719175,138649185,0,,,,,,,
50732473,409974776,0,,,,,,,
50732541,409974776,0,,,,,,,
50732900,409974776,0,,,,,,,
50733196,409974776,0,,,,,,,
50733227,409974776,0,,,,,,,
50737006,148161755,12,4.92,4.92,5,5,4.92,5,4.92
50822490,148161755,2,5,5,5,5,5,5,5
50822918,148161755,12,4.75,4.83,4.75,4.5,4.83,4.92,4.67
50823263,148161755,0,,,,,,,
50823476,148161755,1,5,5,5,5,5,5,5
50823783,148161755,0,,,,,,,
50844665,32232191,2,5,5,5,5,5,5,5
51002244,67840264,0,,,,,,,
51075717,223971227,156,4.61,4.72,4.45,4.58,4.79,4.91,4.51
51131949,299971996,46,4.65,4.72,4.76,4.61,4.87,4.85,4.41
51137361,2413412,0,,,,,,,
51223656,8978331,1,5,5,5,5,5,5,5
51246884,135616667,0,,,,,,,
51337824,138649185,0,,,,,,,
51338514,138649185,0,,,,,,,
51357661,138649185,0,,,,,,,
51475066,416922811,21,4.33,4.43,4.38,4.52,4.62,4.33,4.24
51476593,416935749,126,4.6,4.6,4.44,4.57,4.8,4.7,4.4
51511303,95085358,0,,,,,,,
51514279,201775246,0,,,,,,,
51514416,156409670,0,,,,,,,
51548417,138649185,0,,,,,,,
51573604,138649185,0,,,,,,,
51593286,138649185,0,,,,,,,
51660574,23336011,11,4.64,4.55,4.64,4.64,4.82,4.64,4.55
51660773,23336011,124,4.75,4.74,4.84,4.6,4.92,4.83,4.69
51661055,23336011,22,4.91,5,4.95,4.77,4.91,5,4.73
51661224,23336011,125,4.88,4.87,4.96,4.67,4.89,4.9,4.71
51680260,156409670,0,,,,,,,
51759139,138649185,3,5,5,5,4.67,5,5,4.67
51809454,416935749,31,4.65,4.87,4.68,4.65,4.87,4.74,4.68
51809755,416922811,15,4.73,4.67,4.67,4.67,4.73,4.73,4.67
51833418,156409670,0,,,,,,,
51858493,118496059,4,5,5,4.75,5,5,5,5
51898390,138649185,2,4.5,5,5,4.5,4.5,5,4.5
51899564,156409670,0,,,,,,,
51931255,23336011,50,4.88,4.88,4.9,4.52,4.92,4.94,4.64
51931450,23336011,12,5,5,5,4.91,5,5,4.82
51931632,23336011,11,4.45,4.55,5,4.64,4.82,4.64,4.55
51946794,23336011,14,4.5,4.79,4.86,4.43,4.79,4.5,4.43
51946940,23336011,22,4.68,4.77,4.86,4.45,4.86,4.82,4.64
51947045,23336011,23,4.78,4.82,4.91,4.55,4.91,4.95,4.73
51996111,138649185,0,,,,,,,
51997726,138649185,0,,,,,,,
52062009,23336011,21,4.48,4.52,4.9,4.62,4.86,4.52,4.29
52062197,23336011,15,4.6,4.8,4.93,4.47,4.87,4.67,4.53
52137854,151196270,0,,,,,,,
52157275,238891646,2,3,2.5,4.5,3,3.5,4,2.5
52272864,156409670,0,,,,,,,
52289477,238891646,0,,,,,,,
52301070,367042,1,5,4,4,5,5,5,4
52333311,17916230,0,,,,,,,
52357276,23336011,112,4.71,4.78,4.81,4.54,4.86,4.87,4.63
52357563,23336011,14,4.5,4.43,4.93,4.5,4.86,4.71,4.29
52357696,23336011,19,4.47,4.32,4.74,4.32,4.79,4.42,4.16
52357956,23336011,24,4.63,4.71,4.75,4.79,4.88,4.88,4.5
52358231,238891646,0,,,,,,,
52359332,138649185,14,4.5,4.43,4.43,4.93,4.79,4.86,4.5
52360450,156409670,3,5,5,5,5,5,5,4.67
52396348,138649185,0,,,,,,,
52437613,6655447,0,,,,,,,
52464204,381288557,59,4.59,4.56,4.47,4.78,4.81,4.88,4.47
52522468,138649185,0,,,,,,,
52525344,156409670,0,,,,,,,
52575543,23336011,22,4.73,4.64,4.86,4.59,4.77,4.91,4.23
52575637,23336011,35,4.94,4.89,5,4.6,4.89,4.86,4.83
52593506,136026521,0,,,,,,,
52604174,156409670,0,,,,,,,
52663333,138649185,0,,,,,,,
52664352,138649185,0,,,,,,,
52680716,138649185,0,,,,,,,
52681365,138649185,2,4.5,5,4.5,4.5,5,5,4.5
52742125,315794873,0,,,,,,,
52767590,138649185,0,,,,,,,
52786412,138649185,0,,,,,,,
52815766,8978331,0,,,,,,,
52907491,206242525,0,,,,,,,
52910692,156409670,1,5,5,5,5,4,4,4
52928963,156409670,0,,,,,,,
52929689,138649185,0,,,,,,,
52970740,405511511,0,,,,,,,
52970813,405511511,0,,,,,,,
52977792,138649185,4,4.75,5,4.75,4.5,4.75,5,4.5
53000749,138649185,0,,,,,,,
53014553,391575732,1,5,5,5,5,5,5,5
53038612,138649185,1,5,5,5,5,5,5,5
53057197,429031523,0,,,,,,,
53057294,429031523,0,,,,,,,
53070791,138649185,1,5,5,5,5,5,5,5
53072633,156409670,0,,,,,,,
53073961,24496358,8,4.75,4.75,4.88,4.88,4.88,4.88,4.5
53100793,8978331,0,,,,,,,
53103357,138649185,0,,,,,,,
53119442,50965838,1,5,5,5,5,5,4,5
53122920,68059127,2,5,5,5,5,5,5,5
53123488,68059127,1,5,5,5,5,5,5,5
53137763,238891646,0,,,,,,,
53138620,138649185,0,,,,,,,
53166174,68059127,8,4.75,4.88,4.75,4.88,4.88,4.63,4.38
53174768,24496358,22,4.95,4.91,4.86,4.95,5,4.68,4.73
53175494,238891646,1,5,5,5,5,5,5,5
53175628,68059127,1,4,5,5,5,5,4,4
53175850,68059127,6,4.5,5,5,4.83,5,4.33,4.67
53193333,50965838,1,5,5,5,5,5,4,5
53196067,50965838,11,4.64,4.55,4.64,4.64,4.64,4.55,4.36
53196481,50965838,4,5,4.5,4.75,5,5,4.75,4.5
53209302,96718721,0,,,,,,,
53222711,24496358,19,4.95,5,4.89,4.95,5,4.95,4.58
53260515,24496358,15,4.93,5,4.87,5,5,4.93,4.8
53260824,24496358,4,4.75,5,5,5,5,5,4.75
53270162,50965838,2,5,5,5,5,5,5,5
53280269,10183094,0,,,,,,,
53281701,50965838,18,4.89,4.89,4.89,4.94,4.89,4.83,4.78
53284064,156409670,0,,,,,,,
53301824,50965838,3,5,5,5,5,5,4.67,4.67
53317236,156409670,1,5,5,5,5,5,5,5
53346651,238891646,0,,,,,,,
53355259,24496358,4,5,5,5,5,5,5,5
53355991,68059127,5,5,4.8,5,5,5,4.8,4.8
53374606,50965838,3,5,5,5,5,5,5,5
53375485,50965838,0,,,,,,,
53388036,68059127,15,4.93,4.93,4.73,4.93,5,4.93,4.67
53406678,138649185,5,4.8,4.8,4.8,5,4.8,5,4.6
53408171,138649185,1,4,4,4,4,4,4,4
53465105,68059127,17,4.88,4.88,4.94,4.82,5,4.82,4.82
53465265,68059127,2,4.5,4.5,4.5,4.5,4.5,4.5,4.5
53465478,24496358,18,4.94,4.94,4.94,4.94,4.89,4.83,4.78
53483449,37964493,1,5,5,5,5,5,4,5
53503028,7792973,0,,,,,,,
53503062,391575732,0,,,,,,,
53564318,433772616,0,,,,,,,
53577728,156409670,0,,,,,,,
53579725,16120125,0,,,,,,,
53618034,24496358,6,4.83,4.83,4.83,4.83,4.83,4.17,4.5
53622188,24496358,3,5,5,4.67,5,5,5,5
53632741,68059127,2,5,5,5,5,5,5,5
53633752,68059127,2,5,5,5,5,5,5,4.5
53669943,14359761,0,,,,,,,
53697187,50965838,0,,,,,,,
53697444,50965838,7,4.86,4.86,5,5,5,4.86,4.71
53745162,138649185,0,,,,,,,
53779436,35636334,0,,,,,,,
53790715,47928660,0,,,,,,,
53819000,138649185,13,4.77,4.85,4.85,4.62,4.69,5,4.54
53836629,434862321,4,3.5,3.25,2.75,4.75,4,4.5,3.25
53836902,434862321,1,1,1,1,2,1,4,2
53853166,156409670,0,,,,,,,
53853183,138649185,1,5,5,5,5,5,5,5
53855956,138649185,2,5,5,5,5,5,5,5
53883858,156409670,0,,,,,,,
53884012,156409670,0,,,,,,,
53905492,434862321,18,3.61,3.5,3.28,4.28,4,4.06,3.44
53905653,434862321,18,4,3.89,3.89,4.33,4.33,4.22,4.06
53910005,124297243,0,,,,,,,
53910434,156409670,0,,,,,,,
54008210,138649185,0,,,,,,,
54042568,138649185,0,,,,,,,
54060493,156409670,0,,,,,,,
54061501,156409670,0,,,,,,,
54076340,156409670,0,,,,,,,
54086298,201775246,0,,,,,,,
54186804,156409670,0,,,,,,,
54188078,138649185,2,5,4.5,5,4.5,5,5,5
54204802,68059127,10,5,5,5,5,5,5,5
54205551,24496358,1,5,5,5,5,5,5,5
54205610,50965838,4,4.75,4.75,5,5,5,5,4.5
54219139,96718721,0,,,,,,,
54219241,96718721,0,,,,,,,
54219324,96718721,0,,,,,,,
54219421,96718721,0,,,,,,,
54237144,50965838,26,4.88,4.8,4.96,4.92,4.92,4.6,4.68
54269865,433094639,0,,,,,,,
54350213,138649185,0,,,,,,,
54354117,158241795,0,,,,,,,
54381837,96718721,0,,,,,,,
500570837329286000,238891646,0,,,,,,,
502480461710129000,238891646,1,5,5,5,5,5,5,5
514796456553970000,238891646,0,,,,,,,
542953504353473000,60327060,0,,,,,,,
543954982497337000,387057286,0,,,,,,,
548205562892374000,328013026,95,4.55,4.55,4.53,4.57,4.66,4.75,4.36
548960838575945000,96718721,0,,,,,,,
554284336935825000,109333133,19,4.53,4.68,4.58,4.68,4.53,4.74,4.37
559056248885116000,454778026,82,4.62,4.77,4.56,4.84,4.82,4.85,4.51
559688933624074000,138649185,0,,,,,,,
560019705524643000,130900577,0,,,,,,,
562605971381613000,148161755,11,5,5,5,5,4.91,5,4.45
563596809177444000,1439258,1,5,5,5,5,5,5,5
564785489291649000,238891646,0,,,,,,,
567225306259796000,24496358,23,4.87,4.83,4.96,5,4.96,4.87,4.61
567910789087190000,24496358,10,4.7,4.8,4.8,5,5,4.8,4.7
569225009327985000,446608982,4,5,5,4.75,5,5,4.5,5
569903391590341000,340572938,2,5,5,5,5,5,5,5
570021053543593000,8978331,0,,,,,,,
571344298305335000,109741357,44,4.84,4.98,4.91,4.89,4.95,4.84,4.68
571352760576491000,109741357,75,4.76,4.82,4.81,4.8,4.89,4.74,4.57
577996062442641000,138649185,0,,,,,,,
580929065419656000,449188691,0,,,,,,,
584191116126433000,11390076,0,,,,,,,
584416427834148000,10248444,15,4,4.07,4.13,4.53,4.13,4.53,3.93
584416455299922000,10248444,2,5,5,4.5,5,5,5,4.5
585684460638668000,23466247,0,,,,,,,
585804868046252000,238891646,0,,,,,,,
590190636729859000,449188691,0,,,,,,,
593128448022183000,449188691,0,,,,,,,
594591631258539000,238891646,0,,,,,,,
597236119117778000,461577696,3,4.33,3.67,4.67,4.67,4.33,4.33,3.33
598767056595178000,461577696,14,4.64,4.64,4.43,4.79,4.86,4.21,4.57
598911290335045000,461577696,2,5,5,5,5,5,5,5
599044707010585000,156409670,0,,,,,,,
599562996273670000,238891646,1,4,5,5,4,4,4,4
599610659013320000,461577696,1,4,4,3,4,4,3,2
599626408734532000,461577696,9,4.44,4.33,4.56,4.67,4.67,4.33,4.22
601224010844237000,138649185,0,,,,,,,
602404867602970000,461577696,4,5,5,4.75,5,5,4.25,4.5
602593937490027000,5981335,0,,,,,,,
603353367422710000,156409670,0,,,,,,,
604716361293678000,138649185,1,5,5,5,5,5,5,5
605534351376328000,138649185,3,5,5,5,5,5,5,5
606147906156505000,56421978,0,,,,,,,
606329696219047000,328013026,212,4.55,4.58,4.41,4.57,4.72,4.72,4.45
610508444225189000,156409670,0,,,,,,,
610566475939497000,138649185,1,5,5,5,5,5,5,5
611242881863514000,138649185,10,4.8,4.7,5,4.3,4.5,4.9,4.9
612797039579436000,46685310,28,4.43,4.25,4.39,4.54,4.57,4.5,4.32
613542199071362000,156409670,3,5,5,5,5,5,5,5
613551678122841000,138649185,7,5,4.86,4.86,4.86,5,5,4.86
615692557334754000,138649185,0,,,,,,,
615713320671809000,156409670,0,,,,,,,
616269766989380000,138649185,2,5,5,5,5,5,5,5
616474175923021000,3222935,0,,,,,,,
617247173811632000,61619807,46,4.52,4.52,4.7,4.8,4.72,4.72,4.43
619344375144497000,156409670,0,,,,,,,
620076438504000000,138649185,0,,,,,,,
620705327184829000,138649185,0,,,,,,,
620777463829233000,138649185,1,5,5,5,5,5,5,5
620788126893611000,156409670,1,4,4,4,5,4,4,4
621480603611316000,156409670,0,,,,,,,
622285459570305000,29574073,0,,,,,,,
622961762441208000,156409670,8,4.63,4.88,5,4.88,4.88,5,4.75
623042143455413000,68059127,20,4.9,4.9,4.9,5,4.85,4.9,4.85
623562080134198000,138649185,1,4,4,5,5,5,5,4
623646658754263000,156409670,1,5,5,5,5,4,5,4
623665139003422000,138649185,1,4,5,4,5,4,5,4
623676922118858000,156409670,3,4.33,4.67,4.33,5,4.67,5,3
623694448987969000,138649185,0,,,,,,,
625135124287221000,156409670,0,,,,,,,
625829847882664000,156409670,4,4,3.75,3.5,4,4,3.5,3.5
625871548904584000,156409670,0,,,,,,,
627993362264237000,138649185,1,5,5,5,5,5,5,5
628023655354972000,138649185,0,,,,,,,
628034481071512000,156409670,0,,,,,,,
628738540839451000,138649185,0,,,,,,,
628752925881489000,156409670,0,,,,,,,
629189587525996000,461577696,10,4,4.3,4.4,4.7,4.7,3.3,4
629973494565859000,156409670,0,,,,,,,
629974653707138000,138649185,0,,,,,,,
630126688219312000,156409670,0,,,,,,,
630208064898451000,156409670,0,,,,,,,
630881849580813000,156409670,0,,,,,,,
630900945708849000,156409670,0,,,,,,,
630925262965708000,138649185,0,,,,,,,
631583437029511000,138649185,0,,,,,,,
632224439482493000,5092893,0,,,,,,,
633108840702293000,138649185,0,,,,,,,
633118936453656000,156409670,0,,,,,,,
633841815893400000,156409670,0,,,,,,,
634448889782680000,138649185,0,,,,,,,
634496066239277000,142727817,4,5,5,5,5,5,5,4.75
634534978205983000,156409670,11,4.45,4.18,4.45,4.82,4.64,4.82,4.09
634569447314151000,138649185,2,5,5,5,4,4,5,5
635244041403809000,138649185,0,,,,,,,
635987457575288000,156409670,1,5,5,5,5,5,5,5
636006272729140000,138649185,0,,,,,,,
638121765679357000,138649185,0,,,,,,,
638157489194139000,156409670,0,,,,,,,
638176617437521000,138649185,1,5,5,5,5,5,5,5
638201906530372000,156409670,1,5,5,5,5,5,4,5
638830141716356000,156409670,0,,,,,,,
638889989464776000,156409670,0,,,,,,,
638976925497534000,12352775,0,,,,,,,
639462895890373000,148877755,0,,,,,,,
640310042458311000,238891646,0,,,,,,,
641022613979553000,156409670,0,,,,,,,
641747306596079000,462493313,0,,,,,,,
643090826146083000,461973800,2,5,5,5,5,5,4.5,4
643168943861912000,138649185,0,,,,,,,
644632856218324000,33096269,0,,,,,,,
644687177611018000,463195123,3,4.33,4.33,4,4.33,4.67,4.33,4.33
645129565410016000,463308915,1,5,5,5,5,5,5,5
645137865651705000,463308915,0,,,,,,,
645141777796994000,463308915,2,5,5,5,5,5,5,5
650218176234251000,13468566,0,,,,,,,
650228376728214000,13468566,3,5,5,4.67,5,5,4.67,4.33
650233126736416000,13468566,4,4.5,5,4.5,5,4.75,4.5,3.75
653192786699836000,178565001,1,5,5,5,5,5,5,5
653941042197595000,138649185,0,,,,,,,
654125120499714000,463195123,9,4,4.11,4,4.78,3.89,4.33,4.11
654132220997701000,463195123,7,4,4.43,4,4.86,4.86,4.71,4.29
654135534924135000,463195123,9,4.56,4.44,4.56,4.78,4.78,4.33,4.22
654139939866622000,463195123,2,3.5,4,3.5,4,3.5,3.5,2.5
654142837621609000,463195123,0,,,,,,,
661126911495364000,337002461,5,4.6,4.8,4.6,5,4.8,5,5
662263163174421000,178565001,1,5,5,5,5,5,5,5
662390804676867000,306097001,0,,,,,,,
663003515223444000,125437217,3,5,5,4.67,5,4.67,5,5
664780485357371000,74283703,0,,,,,,,
665411423125094000,218702365,0,,,,,,,
668393019806616000,468796406,10,4.8,4.6,4.7,4.9,4.9,5,4.7
668487491225047000,468796406,57,4.58,4.62,4.62,4.49,4.69,4.78,4.45
668494656588674000,468796406,71,4.56,4.68,4.54,4.61,4.72,4.79,4.42
668671185747578000,468796406,25,4.56,4.68,4.64,4.72,4.76,4.92,4.44
668830935086685000,468796406,30,4.43,4.4,4.57,4.73,4.67,4.8,4.43
668836828364549000,468796406,26,4.35,4.54,4.23,4.5,4.62,4.58,4.23
668840048839829000,468796406,64,4.61,4.69,4.63,4.86,4.81,4.89,4.41
668840259836317000,468796406,16,4.44,4.44,4.5,4.69,4.56,4.81,4.56
669949193228817000,129064266,0,,,,,,,
670691878913022000,469397382,3,4.67,5,4,4.67,5,5,4.67
670724221034798000,138649185,0,,,,,,,
670732632058952000,469397382,6,4.67,4.67,4.17,4.67,4.83,4.83,4.67
670740956726681000,469397382,1,5,5,5,5,5,5,5
670746100817806000,469397382,0,,,,,,,
670750910556737000,469397382,10,4.9,4.78,4.89,4.67,4.78,4.44,4.44
670754302184246000,469397382,3,3.67,4,4.33,4,4,4.67,3.33
670758750644440000,469397382,3,4,4,3.67,5,4.33,5,4
670887749367344000,469397382,3,4.33,4,4,4.67,4.67,5,4.33
671343585522620000,138649185,0,,,,,,,
671503829725764000,138649185,0,,,,,,,
671978123001456000,43779222,0,,,,,,,
672188589800809000,468796406,47,4.47,4.43,4.6,4.6,4.7,4.7,4.21
672237297185438000,138649185,0,,,,,,,
672646130912795000,12067440,29,4.76,4.79,4.41,4.97,4.9,4.72,4.52
673425547081926000,468796406,80,4.59,4.54,4.49,4.75,4.78,4.88,4.41
673581406414691000,468796406,51,4.35,4.41,4.27,4.69,4.65,4.71,4.24
673702761917220000,466330896,0,,,,,,,
674204922665081000,468796406,19,4.89,4.79,4.84,4.95,4.89,4.95,4.74
674205198553506000,468796406,36,4.64,4.53,4.58,4.81,4.78,4.94,4.67
674254245497307000,468796406,19,4,4.11,4.21,4.47,4.26,4.53,3.74
674254346354254000,468796406,25,4.56,4.48,4.56,4.84,4.88,4.92,4.48
674952495475630000,469397382,1,5,5,5,5,5,5,5
674964505879995000,469397382,6,4.17,4.33,4.67,4.5,4.67,4.67,4.33
674976333260485000,469397382,4,5,5,4.75,5,5,5,5
675508190285378000,128980349,0,,,,,,,
675675863101369000,469397382,6,4.17,3.83,4.67,4.5,4.5,4.33,4
675682174089655000,469397382,4,4.5,4.5,4.5,4.5,4.5,5,4.5
675839404447270000,469397382,12,4.67,4.67,4.5,4.58,4.83,4.92,4.75
675861895939638000,469397382,3,3.33,4,3.5,4,4.5,5,3
675870259202962000,469397382,10,4.3,4.5,4.5,4.7,4.8,4.8,4.3
675890373004181000,468796406,38,4.71,4.68,4.71,4.84,4.74,4.87,4.53
676406619582870000,469397382,2,3.5,3,4,4,3.5,5,3
676634028875033000,466330896,0,,,,,,,
678593171153227000,469397382,5,4.2,4,4.4,4.8,4.2,4.6,4.2
679600628150877000,468796406,73,4.6,4.67,4.55,4.78,4.75,4.77,4.55
679605497637929000,468796406,85,4.59,4.52,4.4,4.67,4.71,4.86,4.48
679613933233950000,468796406,19,4.42,4.58,4.42,4.79,4.74,4.74,4.26
680181653599987000,468796406,34,4.56,4.56,4.41,4.71,4.71,4.91,4.35
680200338974500000,469397382,4,4.5,4.75,4.25,4.5,4.25,5,4.5
680202927132447000,469397382,2,3.5,3.5,3.5,4.5,4,4,2.5
680699609290990000,12067440,22,4.36,4.5,4.27,4.77,4.68,4.59,4.14
680699663121181000,12067440,29,4.79,4.79,4.69,4.93,4.93,4.9,4.72
680700966425652000,12067440,82,4.71,4.82,4.66,4.84,4.89,4.77,4.65
682352208578700000,468796406,78,4.44,4.37,4.46,4.68,4.78,4.74,4.28
682358531498948000,468796406,25,4.36,4.24,4.32,4.52,4.4,4.84,4.28
682365309738411000,468796406,21,4.43,4.62,4.48,4.62,4.81,4.81,4.19
683834471977796000,466330896,0,,,,,,,
684569292064063000,50158481,60,4.8,4.87,4.8,4.87,4.93,4.8,4.72
685013587030266000,469397382,6,4.33,4.5,4,4.67,4,5,4
685023601050841000,469397382,6,3.83,3.67,3.67,4.33,4.33,4.17,3.67
685035523206747000,469397382,13,4.62,4.69,4.62,4.92,4.69,4.92,4.62
685382550345530000,61619807,18,4.5,4.44,4.61,4.29,4.61,4.61,4.33
685971733066763000,3706701,0,,,,,,,
687174844027054000,33342825,2,4,3,5,5,3.5,5,3
688622666501777000,469397382,2,2.5,4,4.5,5,3,3.5,2.5
690173353285048000,138649185,0,,,,,,,
690829460604577000,2407589,0,,,,,,,
691733988252942000,37964493,1,2,4,3,5,5,5,3
692346411727199000,468796406,67,4.37,4.16,4.37,4.52,4.55,4.76,4.22
692445828308867000,474773234,39,4.36,4.67,4.51,4.36,4.62,4.77,4.56
692483501961460000,474773234,4,4.5,5,4.5,4.75,4.75,5,4.75
692715660613111000,474773234,22,4.64,4.55,4.41,4.64,4.68,4.95,4.55
692743137079860000,474773234,13,4.38,4.15,4.23,4.31,4.23,4.62,4.31
692747103576172000,474773234,1,5,5,5,5,5,5,5
692748972763723000,474773234,1,5,5,5,5,5,5,5
694094996634001000,25668648,1,5,5,5,5,5,5,5
694577313257572000,138649185,0,,,,,,,
695307435383141000,468796406,25,4.48,4.56,4.72,4.84,4.76,4.68,4.32
695478689480176000,466330896,0,,,,,,,
696253795962998000,24496358,0,,,,,,,
698050146882892000,25185912,0,,,,,,,
699145356787728000,466330896,0,,,,,,,
700230313582080000,44885145,0,,,,,,,
701085941036328000,138649185,0,,,,,,,
701117222425092000,138649185,0,,,,,,,
701163182645910000,138649185,0,,,,,,,
701775603166450000,138649185,0,,,,,,,
703934454801368000,138649185,0,,,,,,,
703982281516674000,138649185,0,,,,,,,
704003619635881000,23336011,0,,,,,,,
704025741108807000,23336011,0,,,,,,,
704058335768535000,23336011,0,,,,,,,
704096200434230000,12067440,17,4.59,4.76,4.65,4.88,4.76,4.76,4.47
705499219530499000,466330896,0,,,,,,,
705655132338962000,3034356,0,,,,,,,
706165133122408000,138649185,0,,,,,,,
706906779604789000,23336011,0,,,,,,,
706937226249549000,23336011,0,,,,,,,
707565204178349000,109741357,24,5,5,4.96,5,5,4.96,4.75
707791734054862000,33399249,0,,,,,,,
709042272386155000,477798968,2,4.5,4.5,4.5,5,4.5,5,4.5
709119373836464000,477798482,0,,,,,,,
709133169277100000,466330896,0,,,,,,,
709133540849925000,466330896,0,,,,,,,
709168206726915000,138649185,0,,,,,,,
709686545175435000,477798968,0,,,,,,,
709939057124036000,109741357,15,4.87,4.93,4.87,5,4.93,5,4.67
710490669406136000,23336011,0,,,,,,,
710490731043539000,23336011,0,,,,,,,
710510154483344000,23336011,0,,,,,,,
710516922255387000,23336011,0,,,,,,,
710532528466032000,477798134,0,,,,,,,
710535346129994000,23336011,0,,,,,,,
710546257503905000,23336011,0,,,,,,,
710555757990115000,23336011,0,,,,,,,
710561555068106000,477798134,0,,,,,,,
710563255144310000,23336011,0,,,,,,,
710575818902461000,23336011,0,,,,,,,
711116675944432000,477798968,0,,,,,,,
711120497609023000,477798968,2,4.5,4.5,4.5,5,5,4,4
711221925882051000,477798317,3,4,4.33,4,4,4,4.67,3
711238794811729000,477798317,0,,,,,,,
711260846047634000,477798317,1,2,4,4,4,5,3,3
711980096146809000,477798317,1,2,2,2,2,2,3,2
711986650689970000,477798317,6,2.67,3.33,2.17,3.33,3.33,3.5,3
712012303970902000,477798317,0,,,,,,,
712103299601725000,138649185,0,,,,,,,
713931790395344000,109741357,12,4.75,4.64,4.64,4.82,5,4.9,4.45
714100989959146000,138649185,0,,,,,,,
714173380885213000,466330896,0,,,,,,,
714203758919828000,478783235,79,4.42,4.44,4.28,4.77,4.73,4.7,4.42
714890700458918000,469397382,2,4,3.5,4,4.5,5,5,4
716283486212132000,109741357,6,4.83,5,5,5,5,4.83,4.83
719821104611749000,32232191,3,5,5,5,5,5,5,4.67
720000271010003000,466330896,0,,,,,,,
720000552643956000,466330896,0,,,,,,,
720065272403972000,138649185,0,,,,,,,
721480577716308000,138649185,1,3,4,4,5,4,4,2
724214731254895000,16840994,0,,,,,,,
724444561470969000,466330896,0,,,,,,,
725266819096214000,33269927,0,,,,,,,
725927989859971000,477357070,0,,,,,,,
727826138677231000,21522030,0,,,,,,,
729304013671976000,141194639,0,,,,,,,
729606127391145000,456578891,1,5,5,5,5,5,5,5
730341500360821000,800558,0,,,,,,,
730382221702215000,477357070,0,,,,,,,
730398762978095000,800558,1,5,5,5,5,4,5,4
732512783871538000,800558,0,,,,,,,
732540922542394000,800558,0,,,,,,,
734456029411839000,466330896,0,,,,,,,
734588947303112000,50158481,31,4.87,4.87,4.71,4.74,4.84,4.77,4.55
734598538231658000,50158481,25,4.8,4.88,4.76,4.84,4.92,4.84,4.64
736166550462292000,800558,0,,,,,,,
737095002174000000,10723468,0,,,,,,,
737873076518985000,2067265,0,,,,,,,
738632897937347000,218702365,1,5,5,5,5,5,5,4
741440446304335000,25375339,2,5,5,5,5,5,4.5,5
741527758213383000,484202213,0,,,,,,,
741687678216216000,466330896,0,,,,,,,
743171291461022000,18618387,1,5,5,5,5,5,4,4
743171330829817000,18618387,1,5,5,5,5,5,5,5
743184158790891000,18618387,0,,,,,,,
744733308137141000,466330896,0,,,,,,,
745346788708070000,466330896,0,,,,,,,
746289351820967000,154321101,0,,,,,,,
748899639556288000,56421978,0,,,,,,,
749758789682527000,138649185,1,5,5,5,5,5,5,5
750587874133037000,29270160,0,,,,,,,
754730391420070000,138649185,0,,,,,,,
755422693666901000,138649185,10,4.7,4.7,4.9,4.8,4.7,4.8,4.3
755560671932535000,138649185,6,4.67,4.5,5,4.67,5,4.67,4.67
755574802437891000,138649185,0,,,,,,,
756273570620615000,138649185,2,4.5,5,5,5,5,5,4
756387538764718000,466330896,0,,,,,,,
756387803520999000,466330896,0,,,,,,,
758183721234572000,33342825,0,,,,,,,
760558711125468000,300765938,0,,,,,,,
762626108952636000,138649185,0,,,,,,,
764336237107874000,33342825,6,4.17,4,5,4.33,4.33,4.67,4.17
764824832337587000,1439258,1,5,5,5,5,5,5,5
765434508191118000,1439258,0,,,,,,,
765693052421269000,300765938,0,,,,,,,
765796540127186000,466330896,0,,,,,,,
766217246504479000,192881406,0,,,,,,,
768399181751974000,33342825,0,,,,,,,
768449803221304000,489159219,11,5,5,4.91,5,5,4.91,5
769986115930050000,337647595,0,,,,,,,
771218840553688000,18618387,0,,,,,,,
771234942973768000,18618387,1,5,5,5,5,5,5,5
771247750213473000,18618387,4,4.5,5,4.5,5,5,4.75,4.25
771293727199751000,18618387,0,,,,,,,
771301226811958000,18618387,1,4,5,5,5,5,5,4
771311210216632000,18618387,1,4,5,5,5,5,5,3
771426892936935000,18618387,1,2,3,3,3,3,3,3
772017539179573000,337647595,0,,,,,,,
772027302378699000,337647595,0,,,,,,,
772052508680062000,16181178,0,,,,,,,
772204760454269000,489159219,0,,,,,,,
772751858111782000,238891646,0,,,,,,,
772771788186961000,238891646,2,4.5,5,5,5,5,4.5,3.5
772794978295820000,238891646,7,4.86,4.57,4.86,4.86,5,4.57,4.29
772939810372343000,238891646,0,,,,,,,
772975844426536000,466330896,0,,,,,,,
772976167685068000,466330896,0,,,,,,,
773425417318292000,238891646,0,,,,,,,
773516314294804000,238891646,0,,,,,,,
774251290756654000,13468566,1,5,5,5,5,5,5,5
774894186564801000,238891646,0,,,,,,,
774905259693457000,238891646,0,,,,,,,
775240664166599000,202657701,0,,,,,,,
775710216921470000,87411537,6,4.17,4.33,4,4.83,4.33,4.5,4.17
775715614182842000,87411537,3,5,5,5,5,5,5,5
775717146089885000,87411537,37,4.27,4.41,4.41,4.81,4.54,4.81,4.16
775723432503582000,87411537,46,4.3,4.36,4.37,4.67,4.61,4.74,4.17
775723535713241000,87411537,1,1,1,1,3,3,2,1
775726312442790000,87411537,14,4.5,4.64,4.36,4.85,4.64,5,4.14
775726424125260000,87411537,9,3.78,3.56,4,4.44,4.11,4.67,3.89
776022104058287000,200394298,0,,,,,,,
776402004146423000,238891646,0,,,,,,,
776405587327729000,461577696,7,3.71,4,4,4,4,3.57,3.29
777050594898518000,238891646,0,,,,,,,
778629593685832000,86883487,0,,,,,,,
780073511005591000,138649185,6,5,5,4.83,5,4.67,5,4.83
780282495170217000,466330896,0,,,,,,,
780765568099881000,238891646,0,,,,,,,
781452861466051000,238891646,0,,,,,,,
781647041007833000,6675090,0,,,,,,,
781718450444597000,466330896,0,,,,,,,
782824856046007000,452204023,5,5,4.8,4.8,5,5,4.2,4.6
782868929312051000,452204023,6,4.5,4.5,4.17,4.33,4.33,4,4.5
782994624558127000,138649185,0,,,,,,,
783139509330681000,138649185,0,,,,,,,
783686743328860000,238891646,0,,,,,,,
783702312407337000,238891646,0,,,,,,,
784470473366807000,323944827,41,4.51,4.46,4.41,4.83,4.68,4.38,4.22
784625662380076000,477357070,0,,,,,,,
784633886415640000,477357070,0,,,,,,,
786488177313706000,492209564,0,,,,,,,
786769060719658000,138649185,0,,,,,,,
786962032021673000,800558,0,,,,,,,
787356712557404000,138649185,0,,,,,,,
788032671275584000,492462021,0,,,,,,,
789424124014047000,474773234,1,4,4,3,5,5,4,2
789734664809632000,474773234,2,3,4,2.5,4.5,4.5,4,3
789750929773664000,474773234,1,4,5,5,5,4,5,5
789759389569187000,474773234,0,,,,,,,
789762213793578000,474773234,4,4.5,5,4.5,5,4.75,5,4.5
791220299796324000,474773234,9,4.67,4.78,4.56,4.89,4.78,4.67,4.89
791464178877735000,2224782,0,,,,,,,
791628554095781000,492462021,0,,,,,,,
791636389416885000,493110459,5,3.4,3.8,2.8,4,3.8,4.6,3.4
791656227144870000,138649185,0,,,,,,,
791701445015747000,138649185,0,,,,,,,
791721591826644000,138649185,0,,,,,,,
791740870471323000,138649185,0,,,,,,,
791827163601709000,493110459,2,3.5,3.5,3,4.5,4,5,3.5
791849721681232000,493110459,9,3.44,3.33,3.22,3.67,4.11,4.22,3
791860562256839000,493110459,3,3.67,4,4.67,3.67,4.33,5,3.67
792605945909474000,206769167,0,,,,,,,
792643938782803000,466330896,0,,,,,,,
793007392966855000,23545711,0,,,,,,,
793166480609239000,491252389,3,4.33,4.67,4,4.67,4.33,5,5
794637745493796000,477357070,0,,,,,,,
795299137318224000,58510590,0,,,,,,,
795604418544657000,61619807,12,4.75,4.67,4.83,4.83,4.92,4.75,4.58
795610316764755000,61619807,9,4.78,4.56,4.78,4.89,4.78,4.89,4.44
796238631885248000,466330896,0,,,,,,,
796557098118782000,1439258,1,5,5,5,5,5,5,5
797466283592149000,6675090,0,,,,,,,
797667035625819000,466330896,0,,,,,,,
797667407656415000,466330896,0,,,,,,,
797803174723261000,10248444,6,4.33,4.33,4.33,5,4.33,4.5,4
797803349923891000,10248444,1,5,4,4,5,5,4,4
797803469013947000,10248444,4,4.5,4.25,4.25,4.5,4.25,4.5,4.25
797803598869629000,10248444,3,4.67,4,5,4.67,5,5,4
798224495747266000,138649185,0,,,,,,,
798264417222834000,494593479,8,4.88,4.88,5,5,4.75,4.88,4.63
798279586997331000,494593479,1,5,5,5,4,5,5,5
798757666767840000,333322723,0,,,,,,,
798800453487590000,333322723,0,,,,,,,
800298184755363000,337002461,1,1,1,1,1,1,1,1
801186555335313000,23336011,11,4.73,4.55,5,4.82,5,4.91,4.45
801190296928381000,138649185,0,,,,,,,
801244918922277000,138649185,0,,,,,,,
801920114737130000,23336011,7,5,5,5,4.57,5,5,4.71
801995107847066000,138649185,0,,,,,,,
802068038632827000,466330896,0,,,,,,,
802068357272150000,466330896,1,5,5,5,5,5,4,5
802124362201507000,109333133,13,4.62,4.69,4.85,4.69,4.62,4.46,4.46
803414917728646000,466330896,0,,,,,,,
803415281230833000,466330896,1,5,5,5,5,5,5,5
805579175076501000,466330896,0,,,,,,,
806295889763785000,23336011,3,5,5,5,4.33,4.33,5,4.67
806312921176965000,23336011,73,4.85,4.86,4.92,4.74,4.9,4.96,4.68
806321235832587000,23336011,11,5,4.91,4.91,5,5,4.82,4.82
806368890119929000,466330896,1,5,5,5,5,5,5,5
806377462378853000,466330896,0,,,,,,,
806380462061627000,466330896,0,,,,,,,
807041086591703000,94722456,28,5,5,4.96,4.93,4.96,4.96,4.96
807114289365295000,466330896,0,,,,,,,
807114661966011000,466330896,1,2,2,2,4,2,4,2
807335846697640000,800558,0,,,,,,,
807509030253582000,10248444,2,4.5,4.5,4.5,4.5,5,5,4
807695166982817000,39149468,0,,,,,,,
809553938268692000,218232,0,,,,,,,
810376811309754000,494593479,7,4.86,5,4.86,5,4.86,5,4.57
812372944528624000,474773234,0,,,,,,,
812382273211035000,474773234,2,3.5,5,3.5,3,5,5,4
812392116300870000,474773234,3,3.67,4.67,4.33,5,4.67,4,3.67
813042145378872000,10248444,2,4.5,4.5,4.5,5,5,5,4.5
813563012153638000,4851019,0,,,,,,,
815656817092517000,209848970,0,,,,,,,
816891661536961000,17578583,0,,,,,,,
819865960419314000,231293658,1,5,5,5,5,5,5,5
820231423212934000,323944827,48,4.56,4.5,4.58,4.75,4.73,4.48,4.31
820939892803392000,466330896,0,,,,,,,
821368634251644000,300765938,0,,,,,,,
821552256539345000,138649185,0,,,,,,,
821636979334395000,466330896,0,,,,,,,
821637396926222000,466330896,0,,,,,,,
822046864609541000,36773968,1,2,1,4,5,4,2,2
822059164708734000,494593479,6,4.83,4.83,5,5,5,5,4.83
822747512409031000,103401936,0,,,,,,,
822888625164562000,238891646,0,,,,,,,
822923084996611000,138649185,0,,,,,,,
823005527495504000,138649185,0,,,,,,,
823723343533782000,138649185,0,,,,,,,
823988366264665000,260771308,0,,,,,,,
824228729224079000,138649185,0,,,,,,,
824328676429321000,138649185,0,,,,,,,
825166191429610000,260771308,0,,,,,,,
825255331473955000,238891646,1,5,5,5,5,5,5,5
825579456713831000,800558,2,5,4.5,5,4,5,5,4
825778372859012000,138649185,0,,,,,,,
825798658694498000,138649185,0,,,,,,,
826103426321164000,10248444,11,4.55,4.18,4.64,4.73,4.73,4.45,4.09
826508772917498000,21378632,0,,,,,,,
827397439816276000,466330896,0,,,,,,,
827397805093383000,466330896,0,,,,,,,
827845795285182000,501291108,10,4.2,4.1,4.2,4.5,3.9,4.4,4.2
827875125532071000,238891646,0,,,,,,,
827941020809851000,466330896,0,,,,,,,
827991952733479000,138649185,0,,,,,,,
828829378386504000,466330896,0,,,,,,,
828830409107996000,466330896,0,,,,,,,
829322076860791000,138649185,0,,,,,,,
829369314741369000,138649185,0,,,,,,,
830754747969256000,138649185,3,5,5,4.67,5,5,5,4.67
830802771232450000,323944827,42,4.38,4.5,4.38,4.79,4.74,4.24,4.24
830969158436936000,501291108,14,4.36,4.43,4.57,4.71,4.36,4.86,4.36
831008711204150000,501291108,5,4.4,4.4,4.8,5,4.4,4,4.2
831017287232611000,501291108,21,4.33,4.05,3.71,4.62,4.14,4.81,4.19
831028480502682000,501291108,35,4.34,4.54,4.14,4.77,4.63,4.69,4.43
831033318344000000,501291108,10,3.9,3.8,3.8,4,3.8,4.2,3.7
831518184194402000,238891646,0,,,,,,,
831612439304811000,4684553,0,,,,,,,
831688296592919000,138649185,0,,,,,,,
832203905619747000,138924706,0,,,,,,,
832538193209880000,46685310,10,4.8,4.8,4.8,4.8,4.9,4.8,4.6
833133699413019000,300765938,0,,,,,,,
833515666873745000,482211922,11,4.82,4.91,4.73,5,4.91,5,4.73
833763737295484000,238891646,0,,,,,,,
833899373927609000,300765938,0,,,,,,,
833977887503098000,300765938,0,,,,,,,
835904017609907000,238891646,0,,,,,,,
836738298166681000,138649185,0,,,,,,,
837278001762525000,30168263,0,,,,,,,
837949620721483000,30168263,0,,,,,,,
838851522557267000,138649185,0,,,,,,,
838867174319410000,243474450,1,5,5,4,5,5,4,5
838959124201710000,466330896,0,,,,,,,
840153205449250000,492450365,0,,,,,,,
840338886577189000,9716032,0,,,,,,,
841098685339489000,138649185,0,,,,,,,
842527175959137000,466330896,0,,,,,,,
843285569659447000,138649185,0,,,,,,,
843438653094685000,205516032,0,,,,,,,
843588665766766000,325284485,0,,,,,,,
843916016717444000,151196270,0,,,,,,,
844059781345973000,466330896,0,,,,,,,
844454509836958000,43782638,0,,,,,,,
845872651845833000,9426705,0,,,,,,,
846085840657880000,138649185,0,,,,,,,
846258488508888000,505188024,0,,,,,,,
846297658713595000,504706105,0,,,,,,,
846838781064773000,61920865,0,,,,,,,
847528864890195000,505473762,43,4.09,4.33,4.19,4.47,4.33,4.07,4.12
847621212311732000,466330896,0,,,,,,,
847621665018584000,466330896,0,,,,,,,
848861923271649000,505188024,0,,,,,,,
848954629658093000,505188024,0,,,,,,,
849114041018161000,466330896,0,,,,,,,
850284372406962000,323944827,52,4.56,4.73,4.46,4.9,4.88,4.44,4.54
851052793984170000,238891646,0,,,,,,,
851980188132812000,300765938,0,,,,,,,
852019499248537000,300765938,0,,,,,,,
852149181396139000,8527085,10,4.8,4.8,4.6,4.9,4.7,4.9,4.4
852527793871911000,138649185,3,5,5,5,5,5,5,4.67
852593319292806000,138649185,0,,,,,,,
852687125317619000,466330896,0,,,,,,,
852697989812131000,506544191,0,,,,,,,
852711649412382000,506544191,2,4.5,4.5,5,5,5,4.5,4
853123534601698000,38753656,5,4.8,4.8,5,4.8,4.6,5,4.6
853124282207206000,38753656,1,5,5,5,5,5,5,5
853137147766803000,38753656,11,4.64,4.64,4.91,5,4.55,4.73,4.55
853275974601341000,66406177,0,,,,,,,
853329364720420000,23336011,10,4.9,5,5,4.9,5,5,4.8
853329655146229000,23336011,6,5,4.8,5,4.6,5,5,5
853333353954940000,23336011,20,4.95,4.9,4.95,4.75,4.9,4.85,4.75
854000299997801000,506544191,2,4,4,4,5,4.5,4.5,4.5
854229329259305000,300765938,0,,,,,,,
855442493247789000,481921424,0,,,,,,,
855461640954386000,461973800,2,5,5,5,5,5,5,5
855990949677399000,45810508,0,,,,,,,
856102581729821000,505188024,0,,,,,,,
856131872826507000,37964493,0,,,,,,,
856214508230277000,300765938,0,,,,,,,
856237979894932000,292851196,1,5,5,5,5,5,5,5
856338018320193000,300765938,0,,,,,,,
856350135874540000,507286696,0,,,,,,,
856720271006671000,5642850,0,,,,,,,
856893840908837000,138649185,2,5,5,5,4.5,5,5,4
856903119772673000,300765938,0,,,,,,,
856920920842811000,300765938,0,,,,,,,
857738312058474000,300765938,0,,,,,,,
857776843491356000,300765938,0,,,,,,,
857794766634277000,300765938,0,,,,,,,
859064135570315000,300765938,0,,,,,,,
859162396804139000,300765938,0,,,,,,,
859166984543739000,300765938,0,,,,,,,
859171597002185000,300765938,0,,,,,,,
859186207745669000,300765938,0,,,,,,,
859234727804164000,466330896,0,,,,,,,
859837503480355000,138649185,0,,,,,,,
861528967359064000,106363186,0,,,,,,,
861583739734518000,70790155,0,,,,,,,
862523845146407000,28551332,0,,,,,,,
862592102148065000,6947493,0,,,,,,,
862843043295789000,466330896,0,,,,,,,
863260350382867000,118496059,1,5,5,5,5,5,5,5
863615482548080000,491252389,2,5,5,4.5,5,5,5,5
863621662687867000,491252389,0,,,,,,,
863627022817645000,491252389,0,,,,,,,
863992542062626000,118496059,3,5,5,5,5,5,5,5
864099010095266000,494593479,1,3,5,4,5,4,5,5
864117612353918000,494593479,2,5,4.5,5,5,4.5,4.5,4.5
864321103080953000,156409670,0,,,,,,,
865140811030135000,328275828,0,,,,,,,
866254738186485000,509080216,21,4.81,4.81,4.95,4.9,4.81,4.9,4.71
866448854492965000,138649185,1,5,5,5,5,5,5,5
867062841312887000,509080216,21,4.86,4.76,4.81,4.52,4.9,4.9,4.81
867296050291666000,238891646,1,4,5,4,4,5,5,3
867784939403972000,135778052,0,,,,,,,
867839684888565000,509080216,27,4.93,4.93,5,4.96,4.89,4.81,4.81
868147808661410000,109333133,24,4.75,4.75,4.79,4.96,4.96,4.83,4.79
868252151595997000,509080216,4,5,5,5,5,5,5,5
868366281995440000,509080216,5,5,5,5,5,5,4.6,4
868396680301579000,182541452,0,,,,,,,
868403865400796000,509080216,17,4.82,4.71,4.88,4.88,4.88,4.88,4.65
869099179388879000,118496059,5,5,5,4.8,5,5,5,4.8
870150798623777000,118496059,7,5,4.71,4.86,5,5,5,4.71
870182864930871000,118496059,2,5,5,5,5,5,5,5
871981312721300000,474773234,1,4,3,3,4,5,5,4
872004459726043000,348418649,3,4.33,4.67,4,2.67,4,4.67,4.33
872014413665934000,474773234,0,,,,,,,
872029398374210000,474773234,2,2.5,4,2.5,3.5,4,4.5,2.5
872033189275592000,474773234,1,5,5,5,5,5,5,5
872047481515351000,509080216,18,4.72,4.61,4.83,4.89,4.83,4.83,4.61
872055666279127000,509080216,21,4.86,4.76,4.95,4.71,4.76,4.95,4.71
872077453625517000,509080216,10,4.7,4.7,4.9,4.9,4.4,4.6,4.6
873140844618962000,109333133,4,4.75,4.75,4.75,4.5,4.75,5,4.75
873151302770286000,61619807,3,4.67,4.67,4.33,5,4.33,4.33,4.67
873151314336193000,61619807,4,4.5,4.5,4.75,4.75,4.5,4.25,4.5
873151554401594000,10248444,8,4.88,4.88,4.75,4.88,5,4.88,4.88
873151615789259000,10248444,22,4.41,4.59,4.68,4.59,4.68,4.55,4.36
873151881500059000,46685310,3,4.67,4.67,4.67,5,4.33,5,5
873151898838211000,46685310,0,,,,,,,
873159641216775000,61619807,5,4.6,4.6,4.6,4.6,4.8,4.8,4.6
874153919823440000,24060343,2,5,5,4.5,4.5,5,5,4.5
876437098945514000,4080706,2,5,5,5,5,5,5,5
876651994825591000,466330896,0,,,,,,,
878016322780322000,197843965,0,,,,,,,
878488989399491000,504706105,0,,,,,,,
878489235812091000,504706105,0,,,,,,,
878489359707000000,504706105,0,,,,,,,
878489587692756000,504706105,1,5,5,4,5,4,5,3
878784038596550000,466330896,0,,,,,,,
880183982958295000,238891646,0,,,,,,,
882163842842675000,138649185,0,,,,,,,
882964266743572000,512903502,0,,,,,,,
883475480677283000,461973800,0,,,,,,,
883475889105289000,61415440,0,,,,,,,
883508348606122000,403164934,0,,,,,,,
883530197768740000,69940082,0,,,,,,,
883902659568943000,69940082,0,,,,,,,
885094829731481000,10248444,0,,,,,,,
885094843569351000,10248444,1,5,5,5,5,5,5,4
885094857231134000,10248444,0,,,,,,,
886561621182331000,512903502,0,,,,,,,
886670246665175000,512903502,0,,,,,,,
886693641285362000,512903502,0,,,,,,,
886700774084331000,512903502,0,,,,,,,
886711208692768000,512903502,0,,,,,,,
887357986007611000,24476285,9,5,5,5,5,5,4.89,5
887647674287185000,461973800,2,5,5,4.5,5,5,4.5,4.5
888118099586309000,138649185,0,,,,,,,
888118429060687000,138649185,0,,,,,,,
888131131239282000,466330896,0,,,,,,,
888157811464166000,466330896,0,,,,,,,
888871514877422000,466330896,0,,,,,,,
888878053446019000,466330896,0,,,,,,,
891323666287873000,61619807,16,4.69,4.81,4.81,4.75,4.88,4.94,4.75
892371127605772000,5981335,0,,,,,,,
892382752394648000,514965405,32,4.88,4.84,4.78,4.91,4.75,4.53,4.75
893889200671916000,74125024,4,5,4.5,5,4.75,4.75,5,5
894818904935257000,507310820,0,,,,,,,
895226443049231000,507310820,0,,,,,,,
895228320520386000,507310820,0,,,,,,,
895241436883831000,507310820,0,,,,,,,
895271741256105000,507310820,0,,,,,,,
895307096931503000,138649185,0,,,,,,,
896425471247877000,61619807,1,4,4,5,4,4,4,3
896425506202393000,61619807,1,5,5,5,5,5,5,5
896425516042224000,61619807,7,4.43,4.67,4.67,4.5,4.33,4.33,4.17
896425531322452000,61619807,0,,,,,,,
896425553049881000,61619807,2,5,5,5,5,5,4.5,4.5
896425647523636000,61619807,5,4.6,4.6,5,5,5,4.8,4.4
896426827321425000,109333133,1,5,4,5,5,5,5,5
896430082593981000,109333133,24,4.67,4.71,4.79,4.88,4.88,4.67,4.63
896430801998622000,109333133,4,4.75,4.75,4.75,5,5,4.5,4.5
897448879002896000,138649185,2,5,4.5,5,5,4.5,5,4
897507768783898000,461577696,2,4,4,4.5,4.5,4.5,4,3
898183253304277000,46685310,6,4.83,4.67,4.67,5,4.67,4.67,4.5
898183406680359000,46685310,0,,,,,,,
898183559706371000,46685310,18,4.5,4.56,4.67,4.61,4.56,4.56,4.39
898295862778234000,138649185,0,,,,,,,
898338394334559000,466330896,0,,,,,,,
898977096484465000,466330896,0,,,,,,,
899450347227750000,5582824,0,,,,,,,
899627552294266000,138649185,0,,,,,,,
899732642408799000,22828858,0,,,,,,,
899868229915270000,238891646,0,,,,,,,
900478455755523000,39343992,0,,,,,,,
901089041886609000,22828858,0,,,,,,,
902551049632643000,3951127,0,,,,,,,
903372817283527000,507310820,0,,,,,,,
903506199716240000,507310820,0,,,,,,,
904588436802887000,209627746,0,,,,,,,
904928458664559000,509080216,24,4.63,4.46,4.83,4.88,4.79,4.92,4.54
904930311603763000,509080216,10,4.9,4.8,4.9,4.9,4.9,4.9,4.6
905399775903588000,83852204,0,,,,,,,
906259459458420000,47611818,1,5,4,5,4,4,5,3
906726281972631000,507310820,0,,,,,,,
907077257962946000,518346592,1,5,5,4,5,5,5,4
907639498252626000,42872178,0,,,,,,,
907686638311383000,101145755,2,4,3.5,4,4.5,3.5,4,3
908528694705737000,518711792,0,,,,,,,
909100019892803000,138649185,0,,,,,,,
909345580311355000,509080216,7,4.43,4.71,4.57,4.86,4.29,4.86,3.86
909348769769135000,167203844,0,,,,,,,
909882526480721000,10248444,1,5,5,5,5,5,5,5
909883019085868000,10248444,3,4.33,4.67,5,5,5,4.67,5
909883031944512000,10248444,1,4,5,5,4,2,4,4
910070794743590000,97457781,11,4.91,4.91,5,5,4.91,4.91,4.91
910806480863882000,122243761,0,,,,,,,
911843758881109000,509080216,2,4.5,5,5,5,5,5,3.5
911877625557497000,509080216,3,4.33,4.33,4.33,4.33,4.67,4.67,4.33
912697418696726000,15067769,0,,,,,,,
912791958009826000,519745580,1,5,5,5,5,5,4,5
912802306072914000,138649185,0,,,,,,,
913522560000207000,125437217,0,,,,,,,
913524295022015000,178565001,0,,,,,,,
914805460729895000,333673909,3,4.33,4.33,4.67,4.67,4.67,5,5
914982558611656000,466330896,0,,,,,,,
915452171883804000,518346592,0,,,,,,,
915480824792203000,518346592,0,,,,,,,
915480906467484000,518346592,0,,,,,,,
915491540353078000,518346592,0,,,,,,,
915496448580987000,518346592,0,,,,,,,
915670366666904000,238891646,1,5,5,5,5,5,4,5
915681736655786000,238891646,0,,,,,,,
917001993750346000,238891646,0,,,,,,,
917268940021538000,238891646,0,,,,,,,
917271075072493000,238891646,0,,,,,,,
917705626758191000,507310820,0,,,,,,,
917878438514515000,493110459,2,2,1,1,3.5,4,5,2
917885193029724000,493110459,1,1,1,1,1,1,3,1
918098632975538000,1529439,0,,,,,,,
918670063389680000,521198842,0,,,,,,,
919314077189317000,9234861,34,4.97,4.97,4.91,4.94,4.97,4.88,4.82
919330824746585000,521372493,18,4.67,4.88,4.88,4.94,4.94,4.82,4.65
919502228882474000,380391465,0,,,,,,,
919968290403148000,238891646,0,,,,,,,
921632579190690000,323944827,24,4.42,4.71,4.38,4.79,4.79,4.46,4.33
923090996470704000,466330896,0,,,,,,,
923613640797995000,238891646,0,,,,,,,
924864455710407000,9950908,0,,,,,,,
925168994523733000,489662839,0,,,,,,,
925706881440940000,521372493,12,4.58,4.75,4.75,5,5,4.67,4.25
925724550929100000,70348098,1,4,4,4,4,4,4,4
927092195097805000,292133113,7,4.57,4.29,4.71,5,4.57,4.71,4.14
927104359590866000,292133113,1,4,4,5,5,4,4,4
927983226839323000,466330896,0,,,,,,,
928591059643597000,103792035,0,,,,,,,
928850044952941000,238891646,0,,,,,,,
930060029464198000,238891646,0,,,,,,,
932301682708358000,466330896,0,,,,,,,
933097055241827000,238891646,0,,,,,,,
933141148831561000,1529439,1,5,5,5,5,5,5,5
933259335282417000,1529439,0,,,,,,,
933267561689894000,1529439,0,,,,,,,
934346542744923000,525207877,25,4.88,4.84,4.88,4.96,4.88,4.84,4.76
934354866476648000,525207877,7,4.57,4.71,4.57,3.86,4.57,5,4.29
934368914326609000,525207877,2,5,5,5,5,5,5,5
934381114246786000,525207877,1,5,5,5,5,5,5,4
934386884436615000,525207877,4,5,5,5,4.67,5,5,5
934446680913390000,525385805,1,5,5,5,5,5,5,5
934455094066697000,525385805,2,5,5,5,5,5,5,5
934459075537527000,525002801,0,,,,,,,
935094489055741000,48909975,2,5,4.5,4.5,5,4.5,4.5,4.5
935189210474181000,466330896,0,,,,,,,
935386005580193000,466330896,0,,,,,,,
935515599022194000,61619807,0,,,,,,,
935530526745733000,61619807,0,,,,,,,
935530538767758000,61619807,1,5,5,5,5,5,5,5
936485750538024000,4673970,0,,,,,,,
937227522262502000,135298846,0,,,,,,,
938069818849113000,24476285,12,4.92,4.92,4.92,4.92,4.92,4.67,4.92
938174889624669000,15257023,0,,,,,,,
938672532615874000,292133113,6,4.5,4.5,4.83,4.83,4.33,4.67,4.5
938816375662381000,526632910,4,5,5,5,5,5,5,5
938821130208338000,526632910,4,5,5,5,5,5,5,5
938826741220769000,292133113,2,4.5,4.5,4.5,4.5,4.5,4.5,4.5
939438617196139000,238891646,0,,,,,,,
939643530648466000,238891646,0,,,,,,,
939706932525817000,292133113,2,4,4.5,5,5,5,4,4.5
939714606306548000,292133113,3,3,3.5,4,5,4,3.5,3
940362959474669000,138649185,0,,,,,,,
942238998443573000,56265371,1,5,5,5,5,5,5,5
942498058629533000,29032695,0,,,,,,,
942987732020818000,48120704,0,,,,,,,
943118105241784000,29032695,0,,,,,,,
943163894208432000,29032695,0,,,,,,,
943220901216594000,29032695,0,,,,,,,
943864507833744000,238891646,0,,,,,,,
943996119813888000,15067769,0,,,,,,,
944424297532703000,24476285,8,5,5,5,5,5,4.75,5
944449482210600000,528137608,1,5,5,5,5,5,5,5
944612487124738000,528168810,1,5,5,5,5,5,5,5
944612549240049000,238891646,0,,,,,,,
945118954811453000,87663129,0,,,,,,,
946218516981428000,528593374,120,4.35,4.39,4.16,4.59,4.51,4.5,4.23
946252956347454000,528593374,12,3.83,3.83,3.42,4.17,3.92,4.17,3.92
946262937217371000,528593374,10,4.4,4.4,4.4,4.8,4.3,4.5,4.4
946270112895245000,528593374,38,4.29,4.53,4.21,4.66,4.55,4.63,4.21
946274113050996000,238891646,0,,,,,,,
946919603828764000,65860903,0,,,,,,,
947378293169299000,2413412,0,,,,,,,
948204813433816000,2327574,0,,,,,,,
948700412652397000,528168810,3,4.67,5,5,5,5,5,4.67
949650431267779000,292133113,2,5,5,5,5,5,5,4.5
951111788499858000,300765938,0,,,,,,,
951114265487967000,300765938,0,,,,,,,
953924174741307000,28427315,0,,,,,,,
954049487753607000,466330896,0,,,,,,,
954406630609682000,10248444,3,5,5,5,5,5,5,4.67
954625302085307000,25375339,2,5,4.5,5,4.5,5,4.5,5
957225582764166000,10248444,1,5,4,5,5,5,5,4
957227681679726000,10248444,7,4.57,4.57,4.86,5,5,4.71,4.57
957684538892063000,528168810,4,5,5,5,5,5,4.5,4.75
957703058785509000,466330896,0,,,,,,,
959465329119858000,61619807,0,,,,,,,
959465514136014000,61619807,0,,,,,,,
959465775733503000,46685310,0,,,,,,,
959465807733561000,46685310,2,4.5,4.5,5,5,5,4,5
959465909045567000,46685310,9,4.33,4.56,4.67,4.44,4.78,4.33,4.33
959816594895093000,532323229,0,,,,,,,
960008665521131000,87411537,3,4.33,4.67,4.67,5,4.67,4,4.33
960030126072146000,87411537,1,5,4,5,5,4,4,4
960045451271498000,87411537,8,4,3.75,4.38,4.38,4.13,4.13,4
960047545627310000,87411537,24,4.33,4.42,4.42,4.54,4.21,4.25,4.33
960049433111709000,87411537,4,4.5,4.5,4.75,5,4.25,4.5,4.25
960051259140399000,87411537,8,4.38,3.63,4.63,4.63,4.38,4,3.63
960610939781595000,238891646,0,,,,,,,
962102060363767000,238891646,0,,,,,,,
962115187758611000,238891646,0,,,,,,,
962148073553755000,238891646,0,,,,,,,
962156092707353000,238891646,0,,,,,,,
962179495759598000,238891646,0,,,,,,,
962179665760436000,238891646,0,,,,,,,
962880218922843000,507310820,0,,,,,,,
962881685518582000,466330896,0,,,,,,,
963067702191466000,10248444,2,5,4.5,4.5,4.5,4.5,4.5,5
963067744163784000,10248444,6,4.5,4.5,5,4.83,4.83,5,4.33
963069260374331000,46685310,1,5,5,5,5,5,5,5
964942756834030000,466330896,0,,,,,,,
967041937761479000,12019217,0,,,,,,,
967652598109248000,92266851,0,,,,,,,
973054065787807000,535448492,0,,,,,,,
973509271145025000,535571417,0,,,,,,,
973650769517798000,300765938,0,,,,,,,
974183835128911000,50158481,4,5,5,4.75,5,5,5,4.75
974194294235939000,50158481,5,5,4.8,5,5,5,4.8,4.8
976729949347636000,518110820,0,,,,,,,
977840892351291000,238891646,0,,,,,,,
978003821574036000,466330896,0,,,,,,,
978136698520856000,466330896,0,,,,,,,
979215581517902000,536857130,0,,,,,,,
979265675388493000,109333133,3,3.67,4.67,4,4.67,5,4.67,3.67
979996652556032000,537036416,96,4.79,4.89,4.84,4.89,4.85,4.93,4.71
980114232206983000,466330896,0,,,,,,,
980133497966888000,40239036,0,,,,,,,
980794701005241000,178565001,0,,,,,,,
981750392265832000,22180662,0,,,,,,,
983816667259294000,466330896,0,,,,,,,
984111174845461000,109333133,5,4.4,4.8,5,5,5,5,4.6
984451267933484000,138649185,0,,,,,,,
985378426636425000,10248444,3,4.67,4.67,4.67,5,4.67,4.33,4.67
985940069189910000,138649185,0,,,,,,,
988298026315290000,18618387,0,,,,,,,
988311243510999000,18618387,0,,,,,,,
988318418592386000,18618387,0,,,,,,,
988326229643575000,18618387,0,,,,,,,
988615498847906000,18618387,0,,,,,,,
988615602076581000,18618387,0,,,,,,,
988675919396273000,528137608,0,,,,,,,
988809840696335000,537036416,10,4.8,4.8,4.8,4.9,4.9,4.7,4.5
988819098851168000,466330896,0,,,,,,,
988896701671473000,300765938,0,,,,,,,
988948112956853000,539012533,0,,,,,,,
989451630724186000,537036416,23,4.96,4.96,5,5,4.96,4.91,4.78
989456071645269000,537036416,10,4.8,4.8,4.8,5,5,4.9,4.3
989458593284666000,537036416,3,4.67,4.67,5,5,5,4.67,4.33
989824500641059000,170566943,2,5,5,5,5,4,5,5
990717254533230000,170566943,0,,,,,,,
991090415423461000,326052379,0,,,,,,,
991184685881387000,461649643,0,,,,,,,
992257583040469000,11358878,0,,,,,,,
992814061673098000,52593645,0,,,,,,,
992979276255936000,400376780,1,4,5,5,5,5,4,4
993145145410074000,528203435,0,,,,,,,
994081265319712000,466330896,0,,,,,,,
994831838625612000,109333133,2,5,5,5,5,5,5,5
995391027662163000,509080216,10,4.8,4.8,5,5,5,4.8,4.9
995404451999131000,509080216,13,4.92,4.85,4.92,4.85,4.85,4.77,4.77
995408988536684000,509080216,14,4.86,4.79,4.86,4.71,4.79,4.93,4.71
995684566850234000,10248444,1,4,5,5,5,5,5,5
995684606051707000,10248444,1,5,5,5,5,5,5,5
996212506657357000,535899829,191,4.02,3.99,3.87,4.48,4.45,4.41,3.94
997409009328273000,518110820,0,,,,,,,
997869767725636000,109333133,7,4.86,4.86,4.86,5,5,4.71,4.86
997869777325712000,109333133,5,4.8,4.75,5,4.5,4.75,4.25,4.5
997869826723548000,10248444,0,,,,,,,
997869840138836000,10248444,0,,,,,,,
997876418196525000,46685310,8,4.38,4.43,4.57,4.86,4.57,4.29,4.43
997876470544385000,46685310,1,5,5,5,5,5,5,5
997876526509776000,46685310,1,5,5,5,5,5,5,5
998217592295049000,181666720,0,,,,,,,
998239661830045000,535251741,0,,,,,,,
998312291281514000,181666720,0,,,,,,,
998957834404015000,300765938,0,,,,,,,
999056201071274000,29574073,0,,,,,,,
999267391650808000,61619807,1,5,4,4,5,4,5,4
999267804611326000,10248444,9,4.56,4.33,4.56,4.67,4.78,4.44,4.44
999758275789912000,181666720,0,,,,,,,
999764011124437000,181666720,0,,,,,,,
999810975133406000,158218013,15,4.93,4.87,4.93,4.87,4.93,5,4.73
999878464353933000,466330896,0,,,,,,,
1001704940131210000,121666882,0,,,,,,,
1001808164427180000,121666882,0,,,,,,,
1001917542424420000,481728556,30,3.4,3.43,3.2,4.2,3.9,4.2,3.43
1002085290000170000,109333133,2,4.5,4.5,5,5,4.5,5,4
1002529015184720000,481728556,10,3.5,3.56,3.33,4.22,4.11,4.11,3.44
1002532702590740000,481728556,7,4.14,4,3.71,4.86,4.43,4.57,3.86
1002539983939010000,481728556,1,4,3,2,4,3,4,3
1002543756462990000,481728556,4,3.25,3.25,2.75,3.5,3.25,4.25,2.75
1002551503540820000,481728556,18,3.78,4.12,3.53,4.24,4.35,4.35,3.53
1003684360804450000,61619807,3,5,5,5,5,5,5,4.67
1003804545207620000,25375339,1,1,1,1,3,4,5,2
1003923515839540000,124516401,1,4,4,3,5,5,4,4
1004652336577620000,124516401,0,,,,,,,
1004668708355950000,124516401,1,3,3,4,1,3,4,3
1004683256958220000,542352890,4,4.25,4,4,4.75,4.75,4.5,4.25
1004793478536320000,138649185,0,,,,,,,
1005499001072560000,466330896,0,,,,,,,
1005501016763140000,466330896,0,,,,,,,
1005585709835770000,542352890,3,5,5,5,5,5,5,5
1005589427053270000,542352890,17,4.29,4.35,4.24,4.53,4.35,4.59,3.94
1006417892442240000,542689337,0,,,,,,,
1007193960238060000,47455298,0,,,,,,,
1007463266235890000,69005937,0,,,,,,,
1008596981366070000,23874147,1,5,5,4,5,5,4,3
1008632473714540000,482211922,6,4.17,4.33,4.67,4,4.83,4,4.17
1008723918260150000,109333133,10,4.8,4.9,4.9,4.6,4.8,4.5,4.4
1008723963440010000,46685310,2,5,5,5,5,5,5,5
1008723978214010000,46685310,0,,,,,,,
1008723992296480000,46685310,9,4.56,4.67,4.89,4.89,4.89,4.67,4.56
1009118614327890000,9777236,0,,,,,,,
1009145766123550000,326768801,3,5,5,5,5,5,5,5
1009201670142470000,9777236,0,,,,,,,
1009310616747750000,535899829,34,4.06,4.06,3.97,4.21,4.32,4.35,4.12
1009651833336330000,1439258,1,4,5,5,5,5,5,4
1009662020699580000,1439258,5,4.6,4.8,4.8,5,4.8,3.8,3.4
1009796313105600000,466330896,0,,,,,,,
1009797017316380000,466330896,0,,,,,,,
1009807768200180000,9777236,0,,,,,,,
1010031362880070000,466330896,0,,,,,,,
1011060226387180000,9777236,0,,,,,,,
1011451895433820000,9777236,0,,,,,,,
1011475793638070000,9777236,0,,,,,,,
1012084594628120000,70457435,0,,,,,,,
1012662608104050000,87517211,0,,,,,,,
1012817610220900000,543922318,0,,,,,,,
1013057108052180000,543922318,0,,,,,,,
1013057117156850000,543922318,0,,,,,,,
1013452020990230000,238891646,0,,,,,,,
1014425730453910000,238891646,1,5,5,5,5,5,5,3
1015674434767530000,138649185,2,3,2,3,3.5,2,4.5,3.5
1015766101056560000,1368991,0,,,,,,,
1018681234279570000,10736359,0,,,,,,,
1020792775923170000,466330896,0,,,,,,,
1020835554376090000,466330896,0,,,,,,,
1021023210522860000,545752783,0,,,,,,,
1021023210816150000,545752783,0,,,,,,,
1021023227940420000,545752783,0,,,,,,,
1021023227971630000,545752783,0,,,,,,,
1021023244024000000,545752783,0,,,,,,,
1021023258297610000,545752783,0,,,,,,,
1021023271876540000,545752783,0,,,,,,,
1021023286490630000,545752783,0,,,,,,,
1021023301532980000,545752783,0,,,,,,,
1021023315426720000,545752783,0,,,,,,,
1021023407898360000,545752892,0,,,,,,,
1021024204303170000,545753012,0,,,,,,,
1021655454142690000,466330896,0,,,,,,,
1021695586762260000,535899829,3,4.33,4,4.33,4.33,4,4,3.67
1023867600592660000,38934778,0,,,,,,,
1025026081961400000,507286696,0,,,,,,,
1025281098926070000,507286696,0,,,,,,,
1025588886070860000,225641992,1,5,5,5,5,5,5,5
1025934423553000000,546766957,0,,,,,,,
1028010248386260000,7636297,0,,,,,,,
1028259379953150000,111265991,0,,,,,,,
1028657682241210000,138649185,1,3,3,3,5,5,5,5
1028744175173900000,138649185,0,,,,,,,
1029190387788880000,3989090,0,,,,,,,
1029208790515950000,3989090,0,,,,,,,
1032561593915190000,252091822,4,4.75,5,4.25,4.75,4.75,5,5
1032920519905820000,497195,0,,,,,,,
1033745170137380000,109333133,11,4.73,4.64,4.91,4.91,4.91,5,4.82
1034457014822240000,337647595,0,,,,,,,
1034830511655000000,65541338,0,,,,,,,
1036002951580640000,101145755,2,4.5,4,4.5,4.5,4.5,5,4.5
1036006273523980000,300765938,0,,,,,,,
1036545365474860000,2689780,0,,,,,,,
1037229541464890000,11390076,0,,,,,,,
1037562150704390000,549099499,0,,,,,,,
1039628026138590000,46685310,0,,,,,,,
1040478491851270000,466330896,0,,,,,,,
1040949271672190000,461973800,1,5,5,5,5,5,5,5
1041089083978660000,61619807,3,5,4.67,5,5,5,5,4.67
1041609278059680000,61619807,1,5,5,5,5,5,5,4
1042603440187840000,2164025,0,,,,,,,
1043234789274910000,469978706,0,,,,,,,
1043840779040560000,46685310,1,5,5,5,5,4,5,5
1043856635673230000,46685310,0,,,,,,,
1043886510381400000,46685310,4,4.5,4.75,4.5,5,4.75,5,4.75
1043899278127510000,61619807,0,,,,,,,
1043909164465990000,61619807,0,,,,,,,
1044367319084950000,391897693,0,,,,,,,
1045254053769020000,337002461,1,5,4,4,5,5,5,5
1045310762237490000,476141790,0,,,,,,,
1045618218953840000,524793962,0,,,,,,,
1045810568104700000,33399249,0,,,,,,,
1045810854593850000,33399249,0,,,,,,,
1046085493906350000,33399249,0,,,,,,,
1046122718320690000,10248444,1,4,4,5,5,5,5,4
1046135947693610000,10248444,1,5,5,5,5,5,5,5
1047435412003410000,551176650,0,,,,,,,
1049770102565840000,551640139,0,,,,,,,
1050224923872590000,551753961,0,,,,,,,
1050384755676070000,101145755,1,4,4,3,3,3,5,4
1050388321010350000,101145755,2,5,5,4.5,5,5,5,4
1051126791807990000,138649185,0,,,,,,,
1051170933407720000,138649185,0,,,,,,,
1051186690382870000,138649185,0,,,,,,,
1051205953953720000,138649185,0,,,,,,,
1051844503970960000,138649185,0,,,,,,,
1051874859376250000,138649185,0,,,,,,,
1051894013258540000,138649185,0,,,,,,,
1051912453094160000,138649185,0,,,,,,,
1051926816739720000,138649185,0,,,,,,,
1052505901191090000,25375339,0,,,,,,,
1056991156987830000,551640139,1,5,3,5,5,5,5,4
1057135157487650000,551640139,0,,,,,,,
1058437876099400000,5426937,0,,,,,,,
1059215021292060000,238891646,0,,,,,,,
1059404046988840000,151196270,0,,,,,,,
1059780458085700000,151196270,0,,,,,,,
1059792262730090000,151196270,0,,,,,,,
1059805848275350000,151196270,0,,,,,,,
1059820102609640000,151196270,0,,,,,,,
1060634732155230000,46685310,2,4,4,4.5,3.5,4.5,4,3.5
1060811968177680000,466330896,0,,,,,,,
1061171930666340000,46685310,0,,,,,,,
1061193873648420000,46685310,2,5,4.5,5,5,5,4.5,4.5
1061294879786420000,61619807,1,4,4,5,5,5,4,4
1061301778109500000,61619807,0,,,,,,,
1061349306448630000,38402401,0,,,,,,,
1062108936577350000,151196270,0,,,,,,,
1062236355953920000,466330896,0,,,,,,,
1063152868122830000,170566943,0,,,,,,,
1063326181695090000,554949756,10,3.5,3.4,3.2,4.2,4.2,4,3.4
1063475665593160000,554979747,0,,,,,,,
1063613970912330000,554949756,67,4.07,4.15,3.94,4.64,4.49,4.34,3.97
1064277195440430000,554949756,1,4,4,4,5,4,4,3
1064847341926800000,554949756,26,3.77,3.77,3.81,4.58,4.35,4.19,3.42
1066170279956640000,554949756,7,4,3.86,4,4.14,4,4.29,4
1066283876987600000,252091822,0,,,,,,,
1066313517033850000,252091822,0,,,,,,,
1066549041332750000,554949756,13,4,3.85,3.77,4.77,4.38,4.31,3.92
1068419620186960000,323810058,13,4.69,4.62,4.38,5,4.77,5,4.54
1068813918482990000,252091822,0,,,,,,,
1068874097208880000,323944827,16,4.69,4.69,4.69,4.88,4.5,4.13,4.38
1069978242571640000,109333133,1,5,5,5,5,5,5,5
1069993904269970000,109333133,1,5,5,5,5,5,5,5
1070045657278580000,109333133,1,5,5,5,5,5,5,5
1070060724822260000,109333133,1,5,5,5,5,4,5,5
1070092240469940000,544525434,3,3,3,3.67,3.33,3.33,3.67,3.33
1070100450728050000,544525434,0,,,,,,,
1070106377457020000,544525434,0,,,,,,,
1070110927076920000,544525434,0,,,,,,,
1070168440909990000,50158481,113,4.68,4.71,4.73,4.81,4.77,4.62,4.58
1070197580623580000,50158481,47,4.79,4.85,4.81,4.87,4.74,4.62,4.6
1070455072003770000,265191783,0,,,,,,,
1070716917572340000,554949756,5,4.6,4.4,4.4,4.2,3.8,4.2,4.2
1070737304693420000,109333133,1,5,5,5,5,5,3,5
1071983420799950000,60024674,0,,,,,,,
1072006172877870000,557338546,0,,,,,,,
1072103225928670000,193819283,6,4.83,5,5,5,4.67,5,4.33
1072220561454920000,512903502,0,,,,,,,
1072242091221180000,512903502,0,,,,,,,
1072248353497430000,512903502,0,,,,,,,
1072406494380720000,2911362,0,,,,,,,
1072409611456260000,80890111,0,,,,,,,
1072976465653150000,193819283,4,4.75,4.75,4.25,4.5,4.5,4.75,4.5
1072996219413550000,265191783,0,,,,,,,
1073013706539430000,193819283,2,3,2,3.5,4.5,4.5,4.5,2.5
1074406756438750000,542268136,0,,,,,,,
1074421503074690000,193819283,2,5,5,5,5,5,4.5,5
1074445824379870000,156409670,0,,,,,,,
1074482549139900000,466330896,0,,,,,,,
1075137891609930000,156409670,0,,,,,,,
1076009520742020000,535899829,5,3.4,3.8,3.8,4.2,3.8,3.8,3.4
1077066160280150000,50158481,113,4.8,4.81,4.76,4.88,4.88,4.65,4.72
1078065199981400000,108476315,0,,,,,,,
1078209489161210000,71764725,0,,,,,,,
1079309899232870000,122243761,0,,,,,,,
1079318461795460000,122243761,0,,,,,,,
1079343264876260000,122243761,0,,,,,,,
1079349474551390000,122243761,0,,,,,,,
1079631978496380000,394083981,0,,,,,,,
1080251577819730000,138649185,0,,,,,,,
1080252514972350000,138649185,0,,,,,,,
1080372364199280000,466330896,0,,,,,,,
1080413126844940000,466330896,0,,,,,,,
1081406657498050000,323810058,8,4.25,4.75,4.5,4.75,4.88,5,4.38
1081595576755590000,459658024,0,,,,,,,
1081613865922140000,193819283,4,4.5,4.75,4.5,4.75,5,4.25,4.5
1082396406733240000,323944827,9,4.67,4.78,4.56,4.89,5,4.22,4.67
1083763116296830000,97457781,4,5,5,5,5,5,5,5
1083955424389750000,184184313,0,,,,,,,
1084512133053330000,441546975,17,4.82,4.94,4.76,4.94,5,4.94,4.71
1084629415907620000,466330896,0,,,,,,,
1085329954814090000,14772745,0,,,,,,,
1085886931988560000,138649185,0,,,,,,,
1086056218918060000,300765938,0,,,,,,,
1086646221902770000,300765938,0,,,,,,,
1087226058736950000,10248444,4,5,4,4.5,4.75,5,4.25,4.25
1087281920297210000,10248444,0,,,,,,,
1087355182967800000,300765938,0,,,,,,,
1087399824733850000,10248444,1,4,5,5,5,5,5,5
1087460406471020000,10248444,0,,,,,,,
1087695893758390000,300765938,0,,,,,,,
1087712071172250000,300765938,0,,,,,,,
1087721017567710000,300765938,0,,,,,,,
1087938271004540000,109333133,2,4.5,5,4.5,4.5,4,5,4.5
1088627600814340000,323944827,10,4.5,4.67,4.22,4.78,4.67,4.22,4.33
1088835887709330000,33342825,0,,,,,,,
1089468592801520000,509080216,3,5,5,5,5,4.5,5,4.5
1089486877529030000,509080216,0,,,,,,,
1089489414757900000,509080216,2,5,5,5,5,5,5,5
1089491295209120000,509080216,1,5,5,5,5,5,5,4
1089559752067230000,509080216,0,,,,,,,
1089625585912070000,509080216,0,,,,,,,
1090129808961220000,10248444,0,,,,,,,
1090168187471800000,10248444,0,,,,,,,
1090191613994670000,509080216,2,4,5,5,4.5,5,5,4.5
1090195198112030000,10248444,0,,,,,,,
1090252973513780000,33342825,1,3,4,4,5,5,5,3
1090282001209830000,509080216,2,5,5,5,5,5,5,4.5
1090844127265330000,10248444,0,,,,,,,
1090879887751460000,10248444,0,,,,,,,
1090897236157930000,997002,0,,,,,,,
1090904483007790000,10248444,0,,,,,,,
1090941645170090000,238891646,0,,,,,,,
1090950001064380000,1439258,1,5,4,5,5,5,5,5
1090956211361930000,10248444,0,,,,,,,
1090960365273720000,1439258,2,4.5,4.5,5,5,5,5,5
1091055477723730000,46685310,0,,,,,,,
1091068317493590000,46685310,0,,,,,,,
1091089033343070000,46685310,1,5,5,5,5,5,5,5
1091615371132610000,46685310,0,,,,,,,
1091832257839190000,156409670,0,,,,,,,
1092299441997950000,61619807,0,,,,,,,
1092313546466860000,61619807,0,,,,,,,
1092355175257120000,61619807,0,,,,,,,
1092404224559010000,109333133,1,5,5,5,5,5,5,5
1092420222696100000,109333133,1,5,5,5,5,4,4,4
1092435813849840000,109333133,0,,,,,,,
1092523108879950000,10248444,0,,,,,,,
1092550367141950000,46685310,0,,,,,,,
1093013895124320000,46685310,0,,,,,,,
1093034320018820000,61619807,0,,,,,,,
1093053242865260000,61619807,0,,,,,,,
1093067111017370000,109333133,0,,,,,,,
1093079540331310000,109333133,1,4,3,5,5,5,4,4
1093106707528610000,17252899,0,,,,,,,
1093201345960370000,313008662,2,5,4.5,4.5,5,5,5,4.5
1093891082412390000,509080216,1,5,5,5,5,5,5,5
1094643941670610000,124827904,0,,,,,,,
1094735002687550000,466330896,0,,,,,,,
1095114317974380000,158218013,13,4.69,4.62,4.77,4.85,4.92,4.69,4.77
1095167913292530000,562955152,20,4.95,4.9,4.95,4.85,4.95,4.8,4.8
1095686936022640000,46685310,1,5,5,5,5,5,5,5
1095915705707540000,38753656,2,5,5,5,5,5,5,4
1095920814462410000,38753656,0,,,,,,,
1096177131114590000,61619807,2,4.5,5,5,5,4.5,4.5,4.5
1096251818394720000,562955152,3,4.67,4.67,4.67,4.67,4.67,5,4.67
1096641911773680000,61619807,1,5,5,5,5,5,5,2
1096672446178530000,109333133,1,3,3,5,5,3,3,3
1096779373050530000,238891646,0,,,,,,,
1096802957722570000,151196270,0,,,,,,,
1096803577596960000,151196270,0,,,,,,,
1096817146772720000,151196270,0,,,,,,,
1097255111475520000,151196270,0,,,,,,,
1097296850712150000,151196270,0,,,,,,,
1097389778188640000,151196270,0,,,,,,,
1097408867129460000,151196270,0,,,,,,,
1097509470312140000,509080216,0,,,,,,,
1097536200460920000,509080216,1,5,5,5,5,5,5,5
1097539439147820000,509080216,2,4.5,5,4.5,4.5,4.5,5,4.5
1097554102242130000,509080216,2,4.5,4,4.5,5,5,4.5,4.5
1097616246997850000,561006477,0,,,,,,,
1097774526907200000,466330896,0,,,,,,,
1098162437587320000,10248444,0,,,,,,,
1098205545458850000,46685310,1,5,4,4,5,4,4,4
1098225296145900000,23336011,0,,,,,,,
1098242809370120000,23336011,5,4.6,4.6,5,5,4.8,4.4,4.8
1098253414973470000,23336011,2,5,5,5,5,5,5,4
1098269698956530000,109333133,3,4.33,5,5,5,5,4,4.67
1098296033118800000,23336011,0,,,,,,,
1099587498423320000,151196270,0,,,,,,,
1099729958807720000,151196270,0,,,,,,,
1099781841620240000,151196270,0,,,,,,,
1099783336469180000,151196270,0,,,,,,,
1101036125684300000,151196270,0,,,,,,,
1101036417614710000,151196270,0,,,,,,,
1101053733727460000,151196270,0,,,,,,,
1101065464352810000,151196270,0,,,,,,,
1101144033609760000,151196270,0,,,,,,,
1101186376906260000,151196270,0,,,,,,,
1101278621221540000,466330896,0,,,,,,,
1101317504474000000,158218013,0,,,,,,,
1101367019881070000,151196270,0,,,,,,,
1101834560264470000,158218013,0,,,,,,,
1102478561784270000,151196270,0,,,,,,,
1102544509050110000,158218013,0,,,,,,,
1102557083237540000,151196270,0,,,,,,,
1102569923215720000,151196270,0,,,,,,,
1102588590075970000,151196270,0,,,,,,,
1102600427274900000,151196270,0,,,,,,,
1103668608684930000,10248444,0,,,,,,,
1104413225977820000,61619807,0,,,,,,,
1105153775524350000,10248444,0,,,,,,,
1106841828803180000,546905964,0,,,,,,,
1107011362652690000,193819283,3,3.67,3,4.67,4.67,4,4.33,3.67
1107018143815630000,193819283,3,4.67,4.67,4.67,5,5,5,5
1107038712991310000,193819283,0,,,,,,,
1107041089260450000,552370998,0,,,,,,,
1107619043658460000,151196270,0,,,,,,,
1107624980116910000,151196270,0,,,,,,,
1107629689784410000,151196270,0,,,,,,,
1107651975741840000,151196270,0,,,,,,,
1107677016816680000,151196270,0,,,,,,,
1107684966768960000,151196270,0,,,,,,,
1107688213800330000,151196270,0,,,,,,,
1107690621611850000,151196270,0,,,,,,,
1108311518263130000,25850084,0,,,,,,,
1109204923733540000,37964493,0,,,,,,,
1109776232228130000,151196270,0,,,,,,,
1109790307938790000,151196270,0,,,,,,,
1109799476827400000,151196270,0,,,,,,,
1109807173259490000,151196270,0,,,,,,,
1109814687647020000,151196270,0,,,,,,,
1109904334037110000,151196270,0,,,,,,,
1109913750326270000,151196270,0,,,,,,,
1110218773795350000,109333133,0,,,,,,,
1110226820620010000,109333133,0,,,,,,,
1110425409665880000,151196270,0,,,,,,,
1110445769210230000,151196270,0,,,,,,,
1110456202735490000,151196270,0,,,,,,,
1110520851167100000,238891646,0,,,,,,,
1110578307853220000,555155179,0,,,,,,,
1110595361891140000,555155179,0,,,,,,,
1111162529083260000,542689337,0,,,,,,,
1111169336438150000,542689337,0,,,,,,,
1111173773259030000,542689337,0,,,,,,,
1111185438099900000,542689337,0,,,,,,,
1111198090602200000,542689337,0,,,,,,,
1111205468312410000,542689337,0,,,,,,,
1111208471507870000,542689337,0,,,,,,,
1111213732376250000,542689337,0,,,,,,,
1111216739248750000,542689337,0,,,,,,,
1111238408040110000,542689337,0,,,,,,,
1111240910237990000,542689337,0,,,,,,,
1111243712977500000,542689337,0,,,,,,,
1111247256705220000,542689337,0,,,,,,,
1111257572192630000,542689337,0,,,,,,,
1111261047172680000,542689337,0,,,,,,,
1111968577417200000,21395306,0,,,,,,,
1112059854346670000,551176650,0,,,,,,,
1113360047002680000,323810058,0,,,,,,,
1113560581620780000,542689337,1,4,4,5,5,5,4,4
1114992083530810000,92254369,0,,,,,,,
1115458557750780000,17364350,0,,,,,,,
1115481363250200000,17364350,0,,,,,,,
1115798287631920000,10713442,0,,,,,,,
1116249575868550000,46685310,2,5,5,4.5,5,5,4.5,4.5
1116354454433580000,96500800,0,,,,,,,
1116355253405280000,489662839,0,,,,,,,
1116460949024160000,300765938,0,,,,,,,
1117257165555960000,138649185,1,5,5,5,5,5,5,5
1117836720753140000,466330896,0,,,,,,,
1117951718904090000,277223691,0,,,,,,,
1118041068856650000,466330896,0,,,,,,,
1118444001913950000,151196270,0,,,,,,,
1118592749831750000,6359940,0,,,,,,,
1118715130423200000,568516526,0,,,,,,,
1118743866051980000,568516526,0,,,,,,,
1118747664436820000,568516526,0,,,,,,,
1118749295044750000,568516526,0,,,,,,,
1118750829377190000,568516526,0,,,,,,,
1119867194894380000,568806401,6,3.5,3.33,3.17,3.83,3.17,4.17,3.67
1119889695110720000,568806401,2,2.5,2.5,2.5,2,2,2,3
1119955265549330000,568806401,2,2.5,2.5,3.5,3,2.5,3.5,3.5
1120697510375210000,544341239,1,5,5,5,5,5,5,5
1120733102835910000,544341239,0,,,,,,,
1120746167986340000,544341239,1,4,5,5,5,5,5,5
1120764409959350000,10248444,0,,,,,,,
1120771658214980000,544341239,0,,,,,,,
1120799877618280000,10248444,1,5,5,5,5,5,5,5
1120829807291680000,10248444,0,,,,,,,
1120845376454510000,10248444,1,5,5,5,5,5,5,4
1120855427780050000,10248444,0,,,,,,,
1120883289538550000,538385739,0,,,,,,,
1121393363539340000,46685310,1,4,5,5,5,5,4,4
1121399716966500000,6379045,0,,,,,,,
1121552793273500000,46685310,0,,,,,,,
1121687419030580000,158218013,2,5,5,5,5,5,5,5
1122156931954520000,6379045,0,,,,,,,
1122363656792190000,555155179,1,5,5,4,5,5,5,4
1122389407600880000,109333133,0,,,,,,,
1122392996121350000,555155179,0,,,,,,,
1122405444122210000,109333133,0,,,,,,,
1122434762524610000,555155179,0,,,,,,,
1122543471852210000,61619807,0,,,,,,,
1122847831572080000,109333133,0,,,,,,,
1123509180651610000,3881051,0,,,,,,,
1123774072649300000,109150670,0,,,,,,,
1124629639202590000,569864494,0,,,,,,,
1125003659029360000,47355824,0,,,,,,,
1125061311682320000,313008662,2,5,5,4.5,4.5,5,5,5
1125220785818620000,569864494,1,3,2,3,4,3,5,3
1125229076327690000,569864494,0,,,,,,,
1125231907959390000,569864494,1,3,4,5,3,3,5,3
1125235987467050000,569864494,0,,,,,,,
1125237320821910000,569864494,0,,,,,,,
1125240124479130000,569864494,0,,,,,,,
1125241295985460000,569864494,0,,,,,,,
1125696077326030000,151196270,0,,,,,,,
1125728524720320000,48437716,0,,,,,,,
1125882563677660000,291243757,0,,,,,,,
1125883779083890000,545752502,0,,,,,,,
1126421826112070000,337002461,2,4.5,5,4.5,5,5,4.5,4.5
1126432655750310000,337002461,5,4,3.6,3.8,3.8,4.4,4.4,4.2
1126441295278840000,337002461,7,4.14,4.43,3.86,4.43,4.57,4.71,4.29
1126447135198310000,337002461,4,4.25,4.25,4.5,3.25,4.25,4.5,4.75
1126559763253930000,337002461,8,4.38,4,4.13,4.5,4.5,4.88,4.38
1126795875691810000,50612894,0,,,,,,,
1127120740050480000,337002461,47,4.45,4.48,4.24,4.83,4.61,4.89,4.7
1127125314999230000,337002461,4,4.5,4.5,4.5,4.5,4.75,5,4.75
1127129255987380000,337002461,9,3.78,4.33,4,4.33,4.44,5,4.33
1127134859913650000,337002461,4,4.25,4.75,4,4.25,4.5,4.75,4.75
1127267991391260000,151196270,0,,,,,,,
1127791702692050000,151196270,0,,,,,,,
1127926701600850000,151196270,0,,,,,,,
1127931866227290000,151196270,0,,,,,,,
1128102942748480000,21391334,0,,,,,,,
1128152204198680000,466330896,0,,,,,,,
1128295927804040000,949264,0,,,,,,,
1128801796780560000,7620983,0,,,,,,,
1128950382253400000,57612875,9,4.89,4.67,4.78,5,5,5,4.67
1129474068512380000,89725954,0,,,,,,,
1130047673997220000,48437716,0,,,,,,,
1130188549747660000,8978331,0,,,,,,,
1130268887487370000,133051387,0,,,,,,,
1130403897914160000,313008662,1,4,5,4,4,5,5,5
1131705018695980000,71233550,0,,,,,,,
1131840051271720000,391897693,0,,,,,,,
1132289281375550000,361363371,0,,,,,,,
1132465107292100000,466330896,0,,,,,,,
1132502246339790000,436045286,0,,,,,,,
1132723839482160000,5685222,0,,,,,,,
1132924502698140000,323944827,0,,,,,,,
1132956624704200000,238891646,0,,,,,,,
1133126746608550000,193819283,1,5,5,5,5,5,5,5
1133136907810370000,193819283,0,,,,,,,
1133915070063680000,61619807,0,,,,,,,
1133933202933080000,61619807,0,,,,,,,
1133942090786380000,61619807,0,,,,,,,
1133972223413310000,109333133,2,4,4,5,5,5,5,3.5
1133982827324970000,109333133,0,,,,,,,
1135750557616640000,81780558,0,,,,,,,
1136067348127180000,466330896,0,,,,,,,
1136895256800940000,10248444,0,,,,,,,
1136913481503250000,10248444,0,,,,,,,
1137004564684590000,13405008,0,,,,,,,
1137352717234720000,10248444,2,4.5,4.5,5,5,5,4.5,4.5
1137453371690220000,527328750,0,,,,,,,
1137577058899870000,46685310,0,,,,,,,
1137616902650900000,109333133,0,,,,,,,
1138036706054520000,4725831,0,,,,,,,
1138151240438370000,61619807,0,,,,,,,
1138168686456600000,10248444,0,,,,,,,
1138217361706720000,61619807,0,,,,,,,
1138673335151500000,323944827,4,4,4.25,4.75,5,4.75,3.5,4
1140466952282240000,546905964,0,,,,,,,
1141680436397530000,573953309,0,,,,,,,
1141730617803720000,573953309,0,,,,,,,
1141836308969290000,121666882,0,,,,,,,
1142350385843690000,6359940,0,,,,,,,
1142427498556990000,323944827,1,5,5,5,5,5,5,4
1142759783174430000,462493313,0,,,,,,,
1143921972375190000,29032695,0,,,,,,,
1143925942738010000,29032695,0,,,,,,,
1143929133718450000,29032695,0,,,,,,,
1143931262251070000,29032695,0,,,,,,,
1144578319491970000,131052744,7,5,5,5,5,5,5,5
1145378870944160000,545752502,1,5,5,5,5,5,5,5
1145379076091050000,545752502,3,4.33,4,4.67,5,3.67,5,4.67
1145379569495780000,545752502,0,,,,,,,
1145380423704980000,545752502,0,,,,,,,
1145380423850040000,545752502,0,,,,,,,
1145402080617840000,151196270,0,,,,,,,
1145402497475580000,151196270,0,,,,,,,
1145408733907330000,151196270,0,,,,,,,
1145539380397090000,545750991,0,,,,,,,
1145539617959540000,545750991,0,,,,,,,
1145736434801420000,109333133,0,,,,,,,
1147038927980630000,404487343,0,,,,,,,
1147423722643630000,109333133,1,5,5,5,5,5,5,5
1147467828608680000,151196270,0,,,,,,,
1147482119795720000,151196270,0,,,,,,,
1147485618545110000,151196270,0,,,,,,,
1147489268227390000,151196270,0,,,,,,,
1147492557022220000,151196270,0,,,,,,,
1147496331225840000,151196270,0,,,,,,,
1147567507084610000,404487343,0,,,,,,,
1147596413672820000,151196270,0,,,,,,,
1147606812510140000,151196270,0,,,,,,,
1147615293818110000,404487343,0,,,,,,,
1147625544649490000,404487343,0,,,,,,,
1147639887520460000,404487343,0,,,,,,,
1148171142986940000,61619807,1,4,,,,,,
1148189116782790000,546905964,0,,,,,,,
1148289733044250000,87864383,0,,,,,,,
1148292370921420000,575534036,0,,,,,,,
1148305387098580000,575534036,0,,,,,,,
1148310726128050000,575534036,0,,,,,,,
1150550813775860000,574092519,0,,,,,,,
1151098118841580000,88877163,0,,,,,,,
1151216304893060000,94903993,0,,,,,,,
1151817830938250000,1439258,0,,,,,,,
1151868460157880000,323944827,2,5,5,5,5,5,4.5,4
1151880053316220000,576414012,1,3,3,4,5,5,5,2
1151921017042310000,576414012,4,4.25,4.33,4.67,4.67,4.67,5,4.33
1153499711527710000,466330896,0,,,,,,,
1153541429873320000,30613375,0,,,,,,,
1153843718458350000,8217259,0,,,,,,,
1154113358017640000,24320254,0,,,,,,,
1155424527809340000,101145755,0,,,,,,,
1155541275662890000,149374360,0,,,,,,,
1156055242666800000,528168810,0,,,,,,,
1156078422191030000,170566943,0,,,,,,,
1156089610801020000,501291108,1,1,,,,,,
1156194445863730000,576414012,0,,,,,,,
1156269470438500000,569864494,0,,,,,,,
1156271744312460000,569864494,1,1,3,2,3,1,2,1
1157060546326780000,404487343,0,,,,,,,
1157117385975110000,404487343,0,,,,,,,
1157555310154990000,341762219,0,,,,,,,
1157568810407770000,341762219,0,,,,,,,
1157596766486690000,341762219,0,,,,,,,
1157728921057940000,1411935,0,,,,,,,
1157804555430590000,543922318,0,,,,,,,
1159877277633030000,578365972,0,,,,,,,
1160439074732950000,578517188,0,,,,,,,
1161328598254940000,1979056,1,5,5,5,5,5,5,5
1161489386350750000,466330896,0,,,,,,,
1162203322165590000,546905964,1,5,5,5,5,5,5,5
1163425774429230000,578365972,1,5,5,5,5,5,5,5
1163453651104700000,11380667,0,,,,,,,
1163456834536890000,109333133,0,,,,,,,
1163548723032200000,49836226,0,,,,,,,
1164079483534400000,29032695,0,,,,,,,
1164084983276430000,29032695,0,,,,,,,
1164088481511480000,29032695,0,,,,,,,
1164192407853650000,28816757,0,,,,,,,
1164909112350020000,190532204,0,,,,,,,
1165111998559370000,579724792,0,,,,,,,
1166115361275400000,572771267,0,,,,,,,
1166368730221760000,238891646,0,,,,,,,
1166433020161020000,572771267,0,,,,,,,
1167002215241370000,544341239,0,,,,,,,
1167055664429590000,544341239,0,,,,,,,
1167625995489750000,574807640,0,,,,,,,
1167820849430760000,108946090,0,,,,,,,
1167867333891080000,544341239,0,,,,,,,
1168481015025940000,29032695,0,,,,,,,
1169227598424050000,29032695,0,,,,,,,
1169232168710110000,29032695,0,,,,,,,
1169234853758230000,29032695,0,,,,,,,
1169237499670320000,29032695,0,,,,,,,
1169239329510320000,29032695,0,,,,,,,
1169241307293090000,29032695,0,,,,,,,
1169243442912830000,29032695,0,,,,,,,
1169246331091210000,29032695,0,,,,,,,
1169253933840540000,29032695,0,,,,,,,
1170771336878590000,108946090,1,5,5,5,5,5,5,5
1170845151695920000,581244198,0,,,,,,,
1171291056345640000,400376780,0,,,,,,,
1171528263306120000,581444065,0,,,,,,,
1172167222883060000,92189808,0,,,,,,,
1172176919388340000,108946090,0,,,,,,,
1172874108701520000,300765938,0,,,,,,,
1173018339893040000,466330896,0,,,,,,,
1173055961605980000,581868519,0,,,,,,,
1173854653125950000,464852765,0,,,,,,,
1174948139499660000,581244198,0,,,,,,,
1174968437505840000,142940484,0,,,,,,,
1175173619326300000,98633323,0,,,,,,,
1175699157478160000,476141790,0,,,,,,,
1175759511919550000,581868519,0,,,,,,,
1176539137795040000,151196270,0,,,,,,,
1176547479353670000,151196270,0,,,,,,,
1176555545908120000,151196270,0,,,,,,,
1176558608546260000,151196270,0,,,,,,,
1176630247276140000,182727326,0,,,,,,,
1176851130086640000,10248444,0,,,,,,,
1176851141733450000,10248444,0,,,,,,,
1176851158818290000,10248444,0,,,,,,,
1176851172869820000,10248444,0,,,,,,,
1176851189400260000,10248444,0,,,,,,,
1177182838546420000,151196270,0,,,,,,,
1177187287629920000,151196270,0,,,,,,,
1177191549733580000,151196270,0,,,,,,,
1177195143821810000,151196270,0,,,,,,,
1177266586048040000,238891646,0,,,,,,,
1177327565852910000,564881560,0,,,,,,,
1178156015574100000,2676835,0,,,,,,,
1178728258200290000,31183120,0,,,,,,,
1180758818625250000,539758925,0,,,,,,,
1180906224303660000,287240181,0,,,,,,,
1181899791094550000,191309433,0,,,,,,,
1182532033613350000,570334036,0,,,,,,,
1182616857385880000,79333024,0,,,,,,,
1183384643134510000,46685310,0,,,,,,,
1183756795354270000,13812313,0,,,,,,,
1183872124315090000,238891646,0,,,,,,,
1183906150836020000,69005937,0,,,,,,,
1185086722726090000,42557873,0,,,,,,,
1185197681072790000,48816092,0,,,,,,,
1185915191423350000,575534036,0,,,,,,,
1185917537269220000,191309433,0,,,,,,,
1185943171595840000,575534036,0,,,,,,,
1185947576358640000,575534036,0,,,,,,,
1185960624679180000,575534036,0,,,,,,,
1185980898795650000,575534036,0,,,,,,,
1185980922666290000,575534036,0,,,,,,,
1185996420473290000,575534036,0,,,,,,,
1186017127022770000,575534036,0,,,,,,,
1186066289562000000,48437716,0,,,,,,,
1186868541390520000,16120125,0,,,,,,,
1186880714844860000,602947,0,,,,,,,
1187837405460220000,476658574,0,,,,,,,
1188266808015240000,466330896,0,,,,,,,
1188338363810290000,323944827,0,,,,,,,
1188342994105460000,323944827,0,,,,,,,
